request_id,arrival_time,first_scheduled_time,finished_time,stall_times,time_to_first_token,slo_threshold,slo_violations,stall_duration,decode_length,end_to_end_time,decode_time,time_per_output_token,finish_reason,solver_time,solver_estimated_time,time_between_tokens,profiled_tbt,expected_output_length,stall_durations
request_0,0.0,0,27.960679292678833,[],26.749828815460205,0.20445239084032002,1,0,16,27.960679292678833,1.210850477218628,0.13999821245670319,length,"[0.07784177403664216, 0, 0, 0, 0, 0, 0, 0, 0, 0, 0, 0, 0, 0, 0, 0]","[100, 100, 100, 100, 100, 100, 100, 100, 100, 100, 100, 100, 100, 100, 100, 100]","[1.0336837768554688, 0.07986259460449219, 0.0764915943145752, 0.07661032676696777, 0.07726550102233887, 0.07907938957214355, 0.07723855972290039, 0.07634520530700684, 0.07581710815429688, 0.07625317573547363, 0.07665205001831055, 0.07840490341186523, 0.07682061195373535, 0.0758061408996582, 0.07555341720581055, 0.12808704376220703]","[0.05942250010208, 0.0594267832, 0.05943106656608, 0.059435350200319995, 0.05943963410272, 0.05944391827328, 0.059448202712, 0.059452487418880005, 0.05945677239392, 0.05946105763712, 0.059465343148479996, 0.059469628928, 0.059473914975680005, 0.05947820129152, 0.05948248787552, 0.05948677472768]",17,[]
request_1,0.0005543231964111328,0,27.960679292678833,[],26.749274492263794,0.20445239084032002,1,0,16,27.960124969482422,1.210850477218628,0.13999821245670319,length,"[0.07784177403664216, 0, 0, 0, 0, 0, 0, 0, 0, 0, 0, 0, 0, 0, 0, 0]","[100, 100, 100, 100, 100, 100, 100, 100, 100, 100, 100, 100, 100, 100, 100, 100]","[1.0336837768554688, 0.07986259460449219, 0.0764915943145752, 0.07661032676696777, 0.07726550102233887, 0.07907938957214355, 0.07723855972290039, 0.07634520530700684, 0.07581710815429688, 0.07625317573547363, 0.07665205001831055, 0.07840490341186523, 0.07682061195373535, 0.0758061408996582, 0.07555341720581055, 0.12808704376220703]","[0.05942250010208, 0.0594267832, 0.05943106656608, 0.059435350200319995, 0.05943963410272, 0.05944391827328, 0.059448202712, 0.059452487418880005, 0.05945677239392, 0.05946105763712, 0.059465343148479996, 0.059469628928, 0.059473914975680005, 0.05947820129152, 0.05948248787552, 0.05948677472768]",17,[]
request_2,0.0009984970092773438,0,27.960679292678833,[],26.748830318450928,0.20445239084032002,1,0,16,27.959680795669556,1.210850477218628,0.13999821245670319,length,"[0.07784177403664216, 0, 0, 0, 0, 0, 0, 0, 0, 0, 0, 0, 0, 0, 0, 0]","[100, 100, 100, 100, 100, 100, 100, 100, 100, 100, 100, 100, 100, 100, 100, 100]","[1.0336837768554688, 0.07986259460449219, 0.0764915943145752, 0.07661032676696777, 0.07726550102233887, 0.07907938957214355, 0.07723855972290039, 0.07634520530700684, 0.07581710815429688, 0.07625317573547363, 0.07665205001831055, 0.07840490341186523, 0.07682061195373535, 0.0758061408996582, 0.07555341720581055, 0.12808704376220703]","[0.05942250010208, 0.0594267832, 0.05943106656608, 0.059435350200319995, 0.05943963410272, 0.05944391827328, 0.059448202712, 0.059452487418880005, 0.05945677239392, 0.05946105763712, 0.059465343148479996, 0.059469628928, 0.059473914975680005, 0.05947820129152, 0.05948248787552, 0.05948677472768]",17,[]
request_3,0.0013873577117919922,0,27.960679292678833,[],26.748441457748413,0.20445239084032002,1,0,16,27.95929193496704,1.210850477218628,0.13999821245670319,length,"[0.07784177403664216, 0, 0, 0, 0, 0, 0, 0, 0, 0, 0, 0, 0, 0, 0, 0]","[100, 100, 100, 100, 100, 100, 100, 100, 100, 100, 100, 100, 100, 100, 100, 100]","[1.0336837768554688, 0.07986259460449219, 0.0764915943145752, 0.07661032676696777, 0.07726550102233887, 0.07907938957214355, 0.07723855972290039, 0.07634520530700684, 0.07581710815429688, 0.07625317573547363, 0.07665205001831055, 0.07840490341186523, 0.07682061195373535, 0.0758061408996582, 0.07555341720581055, 0.12808704376220703]","[0.05942250010208, 0.0594267832, 0.05943106656608, 0.059435350200319995, 0.05943963410272, 0.05944391827328, 0.059448202712, 0.059452487418880005, 0.05945677239392, 0.05946105763712, 0.059465343148479996, 0.059469628928, 0.059473914975680005, 0.05947820129152, 0.05948248787552, 0.05948677472768]",17,[]
request_4,27.96192741394043,0,57.06472611427307,[],28.152984380722046,0.20445239084032002,1,0,12,29.10279870033264,0.9498143196105957,0.13493740558624268,length,"[0.06693351594731212, 0, 0, 0, 0, 0, 0, 0, 0, 0, 0, 0]","[100, 100, 100, 100, 100, 100, 100, 100, 100, 100, 100, 100]","[0.67287278175354, 0.0867760181427002, 0.09499573707580566, 0.07837438583374023, 0.07833576202392578, 0.07841777801513672, 0.08172965049743652, 0.07821917533874512, 0.07803726196289062, 0.07797122001647949, 0.07826733589172363, 0.13525176048278809]","[0.06077183670368, 0.06077620346752, 0.06078057049952, 0.06078493779968, 0.06078930536800001, 0.06079367320448, 0.060798041309120004, 0.06080240968192, 0.06080677832288, 0.060811147232, 0.06081551640928, 0.06081988585472001]",13,[]
request_5,27.962841987609863,0,57.06472611427307,[],28.152069807052612,0.20445239084032002,1,0,12,29.101884126663208,0.9498143196105957,0.13493740558624268,length,"[0.06693351594731212, 0, 0, 0, 0, 0, 0, 0, 0, 0, 0, 0]","[100, 100, 100, 100, 100, 100, 100, 100, 100, 100, 100, 100]","[0.67287278175354, 0.0867760181427002, 0.09499573707580566, 0.07837438583374023, 0.07833576202392578, 0.07841777801513672, 0.08172965049743652, 0.07821917533874512, 0.07803726196289062, 0.07797122001647949, 0.07826733589172363, 0.13525176048278809]","[0.06077183670368, 0.06077620346752, 0.06078057049952, 0.06078493779968, 0.06078930536800001, 0.06079367320448, 0.060798041309120004, 0.06080240968192, 0.06080677832288, 0.060811147232, 0.06081551640928, 0.06081988585472001]",13,[]
request_6,27.963237762451172,0,57.06472611427307,[],28.151674032211304,0.20445239084032002,1,0,12,29.1014883518219,0.9498143196105957,0.13493740558624268,length,"[0.06693351594731212, 0, 0, 0, 0, 0, 0, 0, 0, 0, 0, 0]","[100, 100, 100, 100, 100, 100, 100, 100, 100, 100, 100, 100]","[0.67287278175354, 0.0867760181427002, 0.09499573707580566, 0.07837438583374023, 0.07833576202392578, 0.07841777801513672, 0.08172965049743652, 0.07821917533874512, 0.07803726196289062, 0.07797122001647949, 0.07826733589172363, 0.13525176048278809]","[0.06077183670368, 0.06077620346752, 0.06078057049952, 0.06078493779968, 0.06078930536800001, 0.06079367320448, 0.060798041309120004, 0.06080240968192, 0.06080677832288, 0.060811147232, 0.06081551640928, 0.06081988585472001]",13,[]
request_7,27.963639497756958,0,57.06472611427307,[],28.151272296905518,0.20445239084032002,1,0,12,29.101086616516113,0.9498143196105957,0.13493740558624268,length,"[0.06693351594731212, 0, 0, 0, 0, 0, 0, 0, 0, 0, 0, 0]","[100, 100, 100, 100, 100, 100, 100, 100, 100, 100, 100, 100]","[0.67287278175354, 0.0867760181427002, 0.09499573707580566, 0.07837438583374023, 0.07833576202392578, 0.07841777801513672, 0.08172965049743652, 0.07821917533874512, 0.07803726196289062, 0.07797122001647949, 0.07826733589172363, 0.13525176048278809]","[0.06077183670368, 0.06077620346752, 0.06078057049952, 0.06078493779968, 0.06078930536800001, 0.06079367320448, 0.060798041309120004, 0.06080240968192, 0.06080677832288, 0.060811147232, 0.06081551640928, 0.06081988585472001]",13,[]
request_8,57.06603217124939,0,82.67064595222473,[],24.173814296722412,0.20445239084032002,1,0,25,25.604613780975342,1.4307994842529297,0.08525605201721191,length,"[0.038149934029206634, 0, 0, 0, 0, 0, 0, 0, 0, 0, 0, 0, 0, 0, 0, 0, 0, 0, 0, 0, 0, 0, 0, 0, 0]","[100, 100, 100, 100, 100, 100, 100, 100, 100, 100, 100, 100, 100, 100, 100, 100, 100, 100, 100, 100, 100, 100, 100, 100, 100]","[0.7086117267608643, 0.0612034797668457, 0.05896639823913574, 0.056177616119384766, 0.05822300910949707, 0.05629992485046387, 0.055240631103515625, 0.05661439895629883, 0.056708574295043945, 0.055788516998291016, 0.056140899658203125, 0.06961464881896973, 0.05603289604187012, 0.055936574935913086, 0.05583977699279785, 0.05584216117858887, 0.05577397346496582, 0.05675196647644043, 0.05608677864074707, 0.056139230728149414, 0.055756330490112305, 0.05532431602478027, 0.0589909553527832, 0.05578804016113281, 0.10754847526550293]","[0.05841496881152, 0.05841918835552, 0.05842340816768, 0.058427628248000005, 0.05843184859648, 0.05843606921312, 0.058440290097920004, 0.05844451125088, 0.058448732672, 0.05845295436128, 0.05845717631872, 0.05846139854432, 0.05846562103808, 0.058469843800000004, 0.05847406683008, 0.058478290128319996, 0.05848251369472, 0.058486737529280006, 0.058490961632, 0.05849518600288, 0.058499410641920005, 0.05850363554912, 0.05850786072448, 0.058512086168, 0.058516311879680004]",26,[]
request_9,57.06747245788574,0,82.67064595222473,[],24.17237401008606,0.20445239084032002,1,0,25,25.60317349433899,1.4307994842529297,0.08525605201721191,length,"[0.038149934029206634, 0, 0, 0, 0, 0, 0, 0, 0, 0, 0, 0, 0, 0, 0, 0, 0, 0, 0, 0, 0, 0, 0, 0, 0]","[100, 100, 100, 100, 100, 100, 100, 100, 100, 100, 100, 100, 100, 100, 100, 100, 100, 100, 100, 100, 100, 100, 100, 100, 100]","[0.7086117267608643, 0.0612034797668457, 0.05896639823913574, 0.056177616119384766, 0.05822300910949707, 0.05629992485046387, 0.055240631103515625, 0.05661439895629883, 0.056708574295043945, 0.055788516998291016, 0.056140899658203125, 0.06961464881896973, 0.05603289604187012, 0.055936574935913086, 0.05583977699279785, 0.05584216117858887, 0.05577397346496582, 0.05675196647644043, 0.05608677864074707, 0.056139230728149414, 0.055756330490112305, 0.05532431602478027, 0.0589909553527832, 0.05578804016113281, 0.10754847526550293]","[0.05841496881152, 0.05841918835552, 0.05842340816768, 0.058427628248000005, 0.05843184859648, 0.05843606921312, 0.058440290097920004, 0.05844451125088, 0.058448732672, 0.05845295436128, 0.05845717631872, 0.05846139854432, 0.05846562103808, 0.058469843800000004, 0.05847406683008, 0.058478290128319996, 0.05848251369472, 0.058486737529280006, 0.058490961632, 0.05849518600288, 0.058499410641920005, 0.05850363554912, 0.05850786072448, 0.058512086168, 0.058516311879680004]",26,[]
request_10,57.067830085754395,0,82.67064595222473,[],24.172016382217407,0.20445239084032002,1,0,25,25.602815866470337,1.4307994842529297,0.08525605201721191,length,"[0.038149934029206634, 0, 0, 0, 0, 0, 0, 0, 0, 0, 0, 0, 0, 0, 0, 0, 0, 0, 0, 0, 0, 0, 0, 0, 0]","[100, 100, 100, 100, 100, 100, 100, 100, 100, 100, 100, 100, 100, 100, 100, 100, 100, 100, 100, 100, 100, 100, 100, 100, 100]","[0.7086117267608643, 0.0612034797668457, 0.05896639823913574, 0.056177616119384766, 0.05822300910949707, 0.05629992485046387, 0.055240631103515625, 0.05661439895629883, 0.056708574295043945, 0.055788516998291016, 0.056140899658203125, 0.06961464881896973, 0.05603289604187012, 0.055936574935913086, 0.05583977699279785, 0.05584216117858887, 0.05577397346496582, 0.05675196647644043, 0.05608677864074707, 0.056139230728149414, 0.055756330490112305, 0.05532431602478027, 0.0589909553527832, 0.05578804016113281, 0.10754847526550293]","[0.05841496881152, 0.05841918835552, 0.05842340816768, 0.058427628248000005, 0.05843184859648, 0.05843606921312, 0.058440290097920004, 0.05844451125088, 0.058448732672, 0.05845295436128, 0.05845717631872, 0.05846139854432, 0.05846562103808, 0.058469843800000004, 0.05847406683008, 0.058478290128319996, 0.05848251369472, 0.058486737529280006, 0.058490961632, 0.05849518600288, 0.058499410641920005, 0.05850363554912, 0.05850786072448, 0.058512086168, 0.058516311879680004]",26,[]
request_11,57.06815266609192,0,82.67064595222473,[],24.171693801879883,0.20445239084032002,1,0,25,25.602493286132812,1.4307994842529297,0.08525605201721191,length,"[0.038149934029206634, 0, 0, 0, 0, 0, 0, 0, 0, 0, 0, 0, 0, 0, 0, 0, 0, 0, 0, 0, 0, 0, 0, 0, 0]","[100, 100, 100, 100, 100, 100, 100, 100, 100, 100, 100, 100, 100, 100, 100, 100, 100, 100, 100, 100, 100, 100, 100, 100, 100]","[0.7086117267608643, 0.0612034797668457, 0.05896639823913574, 0.056177616119384766, 0.05822300910949707, 0.05629992485046387, 0.055240631103515625, 0.05661439895629883, 0.056708574295043945, 0.055788516998291016, 0.056140899658203125, 0.06961464881896973, 0.05603289604187012, 0.055936574935913086, 0.05583977699279785, 0.05584216117858887, 0.05577397346496582, 0.05675196647644043, 0.05608677864074707, 0.056139230728149414, 0.055756330490112305, 0.05532431602478027, 0.0589909553527832, 0.05578804016113281, 0.10754847526550293]","[0.05841496881152, 0.05841918835552, 0.05842340816768, 0.058427628248000005, 0.05843184859648, 0.05843606921312, 0.058440290097920004, 0.05844451125088, 0.058448732672, 0.05845295436128, 0.05845717631872, 0.05846139854432, 0.05846562103808, 0.058469843800000004, 0.05847406683008, 0.058478290128319996, 0.05848251369472, 0.058486737529280006, 0.058490961632, 0.05849518600288, 0.058499410641920005, 0.05850363554912, 0.05850786072448, 0.058512086168, 0.058516311879680004]",26,[]
request_12,82.44646692276001,0,90.62256360054016,[],7.189891576766968,0.20445239084032002,0,0,20,8.176096677780151,0.9862051010131836,0.05419154167175293,length,"[0.03785973403137177, 0, 0, 0, 0, 0, 0, 0, 0, 0, 0, 0, 0, 0, 0, 0, 0, 0, 0, 0]","[0.1503480003510263, 100, 100, 100, 100, 100, 100, 100, 100, 100, 100, 100, 100, 100, 100, 100, 100, 100, 100, 100]","[0.10410737991333008, 0.05058693885803223, 0.05053353309631348, 0.050611257553100586, 0.05112862586975098, 0.050292015075683594, 0.05044364929199219, 0.05062413215637207, 0.05028104782104492, 0.05198550224304199, 0.050539255142211914, 0.0499725341796875, 0.050220489501953125, 0.05453681945800781, 0.049599409103393555, 0.049952030181884766, 0.05057573318481445, 0.05184602737426758, 0.05038118362426758, 0.0656132698059082]","[0.048255882328, 0.04825939741568, 0.04826291277152, 0.048266428395520006, 0.04826994428768, 0.048273460448, 0.04827697687648, 0.048280493573120004, 0.048284010537919995, 0.04828752777088, 0.048291045272, 0.04829456304128, 0.04829808107872, 0.04830159938432, 0.048305117958080006, 0.0483086368, 0.04831215591008, 0.048315675288319995, 0.04831919493472, 0.04832271484928]",21,[]
request_13,82.4470362663269,0,90.62256360054016,[],7.189322233200073,0.20445239084032002,0,0,20,8.175527334213257,0.9862051010131836,0.05419154167175293,length,"[0.03785973403137177, 0, 0, 0, 0, 0, 0, 0, 0, 0, 0, 0, 0, 0, 0, 0, 0, 0, 0, 0]","[0.1503480003510263, 100, 100, 100, 100, 100, 100, 100, 100, 100, 100, 100, 100, 100, 100, 100, 100, 100, 100, 100]","[0.10410737991333008, 0.05058693885803223, 0.05053353309631348, 0.050611257553100586, 0.05112862586975098, 0.050292015075683594, 0.05044364929199219, 0.05062413215637207, 0.05028104782104492, 0.05198550224304199, 0.050539255142211914, 0.0499725341796875, 0.050220489501953125, 0.05453681945800781, 0.049599409103393555, 0.049952030181884766, 0.05057573318481445, 0.05184602737426758, 0.05038118362426758, 0.0656132698059082]","[0.048255882328, 0.04825939741568, 0.04826291277152, 0.048266428395520006, 0.04826994428768, 0.048273460448, 0.04827697687648, 0.048280493573120004, 0.048284010537919995, 0.04828752777088, 0.048291045272, 0.04829456304128, 0.04829808107872, 0.04830159938432, 0.048305117958080006, 0.0483086368, 0.04831215591008, 0.048315675288319995, 0.04831919493472, 0.04832271484928]",21,[]
request_14,82.4472336769104,0,90.62256360054016,[],7.189124822616577,0.20445239084032002,0,0,20,8.17532992362976,0.9862051010131836,0.05419154167175293,length,"[0.03785973403137177, 0, 0, 0, 0, 0, 0, 0, 0, 0, 0, 0, 0, 0, 0, 0, 0, 0, 0, 0]","[0.1503480003510263, 100, 100, 100, 100, 100, 100, 100, 100, 100, 100, 100, 100, 100, 100, 100, 100, 100, 100, 100]","[0.10410737991333008, 0.05058693885803223, 0.05053353309631348, 0.050611257553100586, 0.05112862586975098, 0.050292015075683594, 0.05044364929199219, 0.05062413215637207, 0.05028104782104492, 0.05198550224304199, 0.050539255142211914, 0.0499725341796875, 0.050220489501953125, 0.05453681945800781, 0.049599409103393555, 0.049952030181884766, 0.05057573318481445, 0.05184602737426758, 0.05038118362426758, 0.0656132698059082]","[0.048255882328, 0.04825939741568, 0.04826291277152, 0.048266428395520006, 0.04826994428768, 0.048273460448, 0.04827697687648, 0.048280493573120004, 0.048284010537919995, 0.04828752777088, 0.048291045272, 0.04829456304128, 0.04829808107872, 0.04830159938432, 0.048305117958080006, 0.0483086368, 0.04831215591008, 0.048315675288319995, 0.04831919493472, 0.04832271484928]",21,[]
request_15,82.44739270210266,0,90.62256360054016,[],7.188965797424316,0.20445239084032002,0,0,20,8.1751708984375,0.9862051010131836,0.05419154167175293,length,"[0.03785973403137177, 0, 0, 0, 0, 0, 0, 0, 0, 0, 0, 0, 0, 0, 0, 0, 0, 0, 0, 0]","[0.1503480003510263, 100, 100, 100, 100, 100, 100, 100, 100, 100, 100, 100, 100, 100, 100, 100, 100, 100, 100, 100]","[0.10410737991333008, 0.05058693885803223, 0.05053353309631348, 0.050611257553100586, 0.05112862586975098, 0.050292015075683594, 0.05044364929199219, 0.05062413215637207, 0.05028104782104492, 0.05198550224304199, 0.050539255142211914, 0.0499725341796875, 0.050220489501953125, 0.05453681945800781, 0.049599409103393555, 0.049952030181884766, 0.05057573318481445, 0.05184602737426758, 0.05038118362426758, 0.0656132698059082]","[0.048255882328, 0.04825939741568, 0.04826291277152, 0.048266428395520006, 0.04826994428768, 0.048273460448, 0.04827697687648, 0.048280493573120004, 0.048284010537919995, 0.04828752777088, 0.048291045272, 0.04829456304128, 0.04829808107872, 0.04830159938432, 0.048305117958080006, 0.0483086368, 0.04831215591008, 0.048315675288319995, 0.04831919493472, 0.04832271484928]",21,[]
request_16,82.67192912101746,0,97.24347186088562,[],14.201252460479736,0.20445239084032002,0,0,8,14.571542739868164,0.37029027938842773,0.05734676122665405,length,"[0.0354473139741458, 0, 0, 0, 0, 0, 0, 0]","[0.13097941690003273, 100, 100, 100, 100, 100, 100, 100]","[0.09023189544677734, 0.050310373306274414, 0.056305885314941406, 0.04977607727050781, 0.04923677444458008, 0.049332380294799805, 0.049251556396484375, 0.06432914733886719]","[0.04783950155648, 0.04784298473312, 0.047846468177919994, 0.04784995189088, 0.04785343587200001, 0.04785692012128, 0.04786040463872, 0.04786388942432]",9,[]
request_17,82.67230248451233,0,97.24347186088562,[],14.200879096984863,0.20445239084032002,0,0,8,14.571169376373291,0.37029027938842773,0.05734676122665405,length,"[0.0354473139741458, 0, 0, 0, 0, 0, 0, 0]","[0.13097941690003273, 100, 100, 100, 100, 100, 100, 100]","[0.09023189544677734, 0.050310373306274414, 0.056305885314941406, 0.04977607727050781, 0.04923677444458008, 0.049332380294799805, 0.049251556396484375, 0.06432914733886719]","[0.04783950155648, 0.04784298473312, 0.047846468177919994, 0.04784995189088, 0.04785343587200001, 0.04785692012128, 0.04786040463872, 0.04786388942432]",9,[]
request_18,82.67246437072754,0,97.24347186088562,[],14.200717210769653,0.20445239084032002,0,0,8,14.571007490158081,0.37029027938842773,0.05734676122665405,length,"[0.0354473139741458, 0, 0, 0, 0, 0, 0, 0]","[0.13097941690003273, 100, 100, 100, 100, 100, 100, 100]","[0.09023189544677734, 0.050310373306274414, 0.056305885314941406, 0.04977607727050781, 0.04923677444458008, 0.049332380294799805, 0.049251556396484375, 0.06432914733886719]","[0.04783950155648, 0.04784298473312, 0.047846468177919994, 0.04784995189088, 0.04785343587200001, 0.04785692012128, 0.04786040463872, 0.04786388942432]",9,[]
request_19,82.67261123657227,0,97.24347186088562,[],14.200570344924927,0.20445239084032002,0,0,8,14.570860624313354,0.37029027938842773,0.05734676122665405,length,"[0.0354473139741458, 0, 0, 0, 0, 0, 0, 0]","[0.13097941690003273, 100, 100, 100, 100, 100, 100, 100]","[0.09023189544677734, 0.050310373306274414, 0.056305885314941406, 0.04977607727050781, 0.04923677444458008, 0.049332380294799805, 0.049251556396484375, 0.06432914733886719]","[0.04783950155648, 0.04784298473312, 0.047846468177919994, 0.04784995189088, 0.04785343587200001, 0.04785692012128, 0.04786040463872, 0.04786388942432]",9,[]
request_20,90.09560132026672,0,104.68223214149475,[],13.68260145187378,0.20445239084032002,0,0,18,14.586630821228027,0.904029369354248,0.05502886242336697,length,"[0.035197086981497705, 0, 0, 0, 0, 0, 0, 0, 0, 0, 0, 0, 0, 0, 0, 0, 0, 0]","[0.13631746534543868, 100, 100, 100, 100, 100, 100, 100, 100, 100, 100, 100, 100, 100, 100, 100, 100, 100]","[0.09176111221313477, 0.05116391181945801, 0.0587468147277832, 0.05086255073547363, 0.051091670989990234, 0.05447196960449219, 0.05146288871765137, 0.05629444122314453, 0.050308942794799805, 0.051361799240112305, 0.05096697807312012, 0.0509946346282959, 0.05188250541687012, 0.05066108703613281, 0.05073046684265137, 0.051323652267456055, 0.050276756286621094, 0.06615734100341797]","[0.04794760472672, 0.04795109621632, 0.047954587974080004, 0.04795808, 0.047961572294080004, 0.047965064856319996, 0.04796855768672, 0.04797205078528, 0.047975544152, 0.04797903778688, 0.04798253168992, 0.04798602586112, 0.047989520300479996, 0.047993015008, 0.047996509983680005, 0.04800000522752, 0.048003500739520005, 0.04800699651968]",19,[]
request_21,90.09615802764893,0,104.68223214149475,[],13.682044744491577,0.20445239084032002,0,0,18,14.586074113845825,0.904029369354248,0.05502886242336697,length,"[0.035197086981497705, 0, 0, 0, 0, 0, 0, 0, 0, 0, 0, 0, 0, 0, 0, 0, 0, 0]","[0.13631746534543868, 100, 100, 100, 100, 100, 100, 100, 100, 100, 100, 100, 100, 100, 100, 100, 100, 100]","[0.09176111221313477, 0.05116391181945801, 0.0587468147277832, 0.05086255073547363, 0.051091670989990234, 0.05447196960449219, 0.05146288871765137, 0.05629444122314453, 0.050308942794799805, 0.051361799240112305, 0.05096697807312012, 0.0509946346282959, 0.05188250541687012, 0.05066108703613281, 0.05073046684265137, 0.051323652267456055, 0.050276756286621094, 0.06615734100341797]","[0.04794760472672, 0.04795109621632, 0.047954587974080004, 0.04795808, 0.047961572294080004, 0.047965064856319996, 0.04796855768672, 0.04797205078528, 0.047975544152, 0.04797903778688, 0.04798253168992, 0.04798602586112, 0.047989520300479996, 0.047993015008, 0.047996509983680005, 0.04800000522752, 0.048003500739520005, 0.04800699651968]",19,[]
request_22,90.09633755683899,0,104.68223214149475,[],13.681865215301514,0.20445239084032002,0,0,18,14.585894584655762,0.904029369354248,0.05502886242336697,length,"[0.035197086981497705, 0, 0, 0, 0, 0, 0, 0, 0, 0, 0, 0, 0, 0, 0, 0, 0, 0]","[0.13631746534543868, 100, 100, 100, 100, 100, 100, 100, 100, 100, 100, 100, 100, 100, 100, 100, 100, 100]","[0.09176111221313477, 0.05116391181945801, 0.0587468147277832, 0.05086255073547363, 0.051091670989990234, 0.05447196960449219, 0.05146288871765137, 0.05629444122314453, 0.050308942794799805, 0.051361799240112305, 0.05096697807312012, 0.0509946346282959, 0.05188250541687012, 0.05066108703613281, 0.05073046684265137, 0.051323652267456055, 0.050276756286621094, 0.06615734100341797]","[0.04794760472672, 0.04795109621632, 0.047954587974080004, 0.04795808, 0.047961572294080004, 0.047965064856319996, 0.04796855768672, 0.04797205078528, 0.047975544152, 0.04797903778688, 0.04798253168992, 0.04798602586112, 0.047989520300479996, 0.047993015008, 0.047996509983680005, 0.04800000522752, 0.048003500739520005, 0.04800699651968]",19,[]
request_23,90.0964994430542,0,104.68223214149475,[],13.681703329086304,0.20445239084032002,0,0,18,14.585732698440552,0.904029369354248,0.05502886242336697,length,"[0.035197086981497705, 0, 0, 0, 0, 0, 0, 0, 0, 0, 0, 0, 0, 0, 0, 0, 0, 0]","[0.13631746534543868, 100, 100, 100, 100, 100, 100, 100, 100, 100, 100, 100, 100, 100, 100, 100, 100, 100]","[0.09176111221313477, 0.05116391181945801, 0.0587468147277832, 0.05086255073547363, 0.051091670989990234, 0.05447196960449219, 0.05146288871765137, 0.05629444122314453, 0.050308942794799805, 0.051361799240112305, 0.05096697807312012, 0.0509946346282959, 0.05188250541687012, 0.05066108703613281, 0.05073046684265137, 0.051323652267456055, 0.050276756286621094, 0.06615734100341797]","[0.04794760472672, 0.04795109621632, 0.047954587974080004, 0.04795808, 0.047961572294080004, 0.047965064856319996, 0.04796855768672, 0.04797205078528, 0.047975544152, 0.04797903778688, 0.04798253168992, 0.04798602586112, 0.047989520300479996, 0.047993015008, 0.047996509983680005, 0.04800000522752, 0.048003500739520005, 0.04800699651968]",19,[]
request_24,90.62375688552856,0,107.69584035873413,[],15.847448110580444,0.20445239084032002,0,0,25,17.072083473205566,1.224635362625122,0.05208301544189453,length,"[0.0347222340060398, 0, 0, 0, 0, 0, 0, 0, 0, 0, 0, 0, 0, 0, 0, 0, 0, 0, 0, 0, 0, 0, 0, 0, 0]","[0.05317885245658141, 100, 100, 100, 100, 100, 100, 100, 100, 100, 100, 100, 100, 100, 100, 100, 100, 100, 100, 100, 100, 100, 100, 100, 100]","[0.0871744155883789, 0.05016326904296875, 0.04996538162231445, 0.04981374740600586, 0.05021190643310547, 0.05272197723388672, 0.04980278015136719, 0.049924373626708984, 0.04978752136230469, 0.05016827583312988, 0.04962801933288574, 0.04996085166931152, 0.05318021774291992, 0.05184221267700195, 0.05126619338989258, 0.04982709884643555, 0.04992079734802246, 0.05000638961791992, 0.04970192909240723, 0.05001664161682129, 0.04978680610656738, 0.0499875545501709, 0.0519404411315918, 0.05014324188232422, 0.05513334274291992]","[0.04544401022048, 0.045447303807999995, 0.04545059766368, 0.045453891787520004, 0.04545718617952, 0.045460480839680004, 0.045463775768, 0.04546707096448, 0.04547036642912, 0.04547366216192, 0.04547695816288, 0.045480254432, 0.04548355096928, 0.04548684777472, 0.04549014484832, 0.04549344219008, 0.045496739800000005, 0.045500037678079995, 0.04550333582432, 0.045506634238720006, 0.04550993292128, 0.045513231872, 0.04551653109088, 0.04551983057792, 0.04552313033312]",26,[]
request_25,90.62399172782898,0,107.69584035873413,[],15.84721326828003,0.20445239084032002,0,0,25,17.07184863090515,1.224635362625122,0.05208301544189453,length,"[0.0347222340060398, 0, 0, 0, 0, 0, 0, 0, 0, 0, 0, 0, 0, 0, 0, 0, 0, 0, 0, 0, 0, 0, 0, 0, 0]","[0.05317885245658141, 100, 100, 100, 100, 100, 100, 100, 100, 100, 100, 100, 100, 100, 100, 100, 100, 100, 100, 100, 100, 100, 100, 100, 100]","[0.0871744155883789, 0.05016326904296875, 0.04996538162231445, 0.04981374740600586, 0.05021190643310547, 0.05272197723388672, 0.04980278015136719, 0.049924373626708984, 0.04978752136230469, 0.05016827583312988, 0.04962801933288574, 0.04996085166931152, 0.05318021774291992, 0.05184221267700195, 0.05126619338989258, 0.04982709884643555, 0.04992079734802246, 0.05000638961791992, 0.04970192909240723, 0.05001664161682129, 0.04978680610656738, 0.0499875545501709, 0.0519404411315918, 0.05014324188232422, 0.05513334274291992]","[0.04544401022048, 0.045447303807999995, 0.04545059766368, 0.045453891787520004, 0.04545718617952, 0.045460480839680004, 0.045463775768, 0.04546707096448, 0.04547036642912, 0.04547366216192, 0.04547695816288, 0.045480254432, 0.04548355096928, 0.04548684777472, 0.04549014484832, 0.04549344219008, 0.045496739800000005, 0.045500037678079995, 0.04550333582432, 0.045506634238720006, 0.04550993292128, 0.045513231872, 0.04551653109088, 0.04551983057792, 0.04552313033312]",26,[]
request_26,90.62410855293274,0,107.69584035873413,[],15.84709644317627,0.20445239084032002,0,0,25,17.07173180580139,1.224635362625122,0.05208301544189453,length,"[0.0347222340060398, 0, 0, 0, 0, 0, 0, 0, 0, 0, 0, 0, 0, 0, 0, 0, 0, 0, 0, 0, 0, 0, 0, 0, 0]","[0.05317885245658141, 100, 100, 100, 100, 100, 100, 100, 100, 100, 100, 100, 100, 100, 100, 100, 100, 100, 100, 100, 100, 100, 100, 100, 100]","[0.0871744155883789, 0.05016326904296875, 0.04996538162231445, 0.04981374740600586, 0.05021190643310547, 0.05272197723388672, 0.04980278015136719, 0.049924373626708984, 0.04978752136230469, 0.05016827583312988, 0.04962801933288574, 0.04996085166931152, 0.05318021774291992, 0.05184221267700195, 0.05126619338989258, 0.04982709884643555, 0.04992079734802246, 0.05000638961791992, 0.04970192909240723, 0.05001664161682129, 0.04978680610656738, 0.0499875545501709, 0.0519404411315918, 0.05014324188232422, 0.05513334274291992]","[0.04544401022048, 0.045447303807999995, 0.04545059766368, 0.045453891787520004, 0.04545718617952, 0.045460480839680004, 0.045463775768, 0.04546707096448, 0.04547036642912, 0.04547366216192, 0.04547695816288, 0.045480254432, 0.04548355096928, 0.04548684777472, 0.04549014484832, 0.04549344219008, 0.045496739800000005, 0.045500037678079995, 0.04550333582432, 0.045506634238720006, 0.04550993292128, 0.045513231872, 0.04551653109088, 0.04551983057792, 0.04552313033312]",26,[]
request_27,90.62421250343323,0,107.69584035873413,[],15.846992492675781,0.20445239084032002,0,0,25,17.071627855300903,1.224635362625122,0.05208301544189453,length,"[0.0347222340060398, 0, 0, 0, 0, 0, 0, 0, 0, 0, 0, 0, 0, 0, 0, 0, 0, 0, 0, 0, 0, 0, 0, 0, 0]","[0.05317885245658141, 100, 100, 100, 100, 100, 100, 100, 100, 100, 100, 100, 100, 100, 100, 100, 100, 100, 100, 100, 100, 100, 100, 100, 100]","[0.0871744155883789, 0.05016326904296875, 0.04996538162231445, 0.04981374740600586, 0.05021190643310547, 0.05272197723388672, 0.04980278015136719, 0.049924373626708984, 0.04978752136230469, 0.05016827583312988, 0.04962801933288574, 0.04996085166931152, 0.05318021774291992, 0.05184221267700195, 0.05126619338989258, 0.04982709884643555, 0.04992079734802246, 0.05000638961791992, 0.04970192909240723, 0.05001664161682129, 0.04978680610656738, 0.0499875545501709, 0.0519404411315918, 0.05014324188232422, 0.05513334274291992]","[0.04544401022048, 0.045447303807999995, 0.04545059766368, 0.045453891787520004, 0.04545718617952, 0.045460480839680004, 0.045463775768, 0.04546707096448, 0.04547036642912, 0.04547366216192, 0.04547695816288, 0.045480254432, 0.04548355096928, 0.04548684777472, 0.04549014484832, 0.04549344219008, 0.045496739800000005, 0.045500037678079995, 0.04550333582432, 0.045506634238720006, 0.04550993292128, 0.045513231872, 0.04551653109088, 0.04551983057792, 0.04552313033312]",26,[]
request_28,97.24450206756592,0,134.36520862579346,[],35.33478283882141,0.20445239084032002,1,0,23,37.12070655822754,1.785923719406128,0.10820400196573009,length,"[0.042359748971648514, 0, 0, 0, 0, 0, 0, 0, 0, 0, 0, 0, 0, 0, 0, 0, 0, 0, 0, 0, 0, 0, 0]","[100, 100, 100, 100, 100, 100, 100, 100, 100, 100, 100, 100, 100, 100, 100, 100, 100, 100, 100, 100, 100, 100, 100]","[0.710597038269043, 0.08264589309692383, 0.08068132400512695, 0.07600569725036621, 0.07533383369445801, 0.07594108581542969, 0.07557129859924316, 0.07774734497070312, 0.07616662979125977, 0.07829880714416504, 0.09917092323303223, 0.08084630966186523, 0.07708024978637695, 0.08160543441772461, 0.07774949073791504, 0.07549452781677246, 0.07508444786071777, 0.07700109481811523, 0.0756385326385498, 0.07547259330749512, 0.07612061500549316, 0.07566595077514648, 0.13277292251586914]","[0.058940237255680004, 0.05894449005152, 0.05894874311552, 0.05895299644768, 0.058957250048, 0.05896150391648, 0.05896575805312, 0.05897001245792, 0.05897426713088, 0.058978522071999995, 0.05898277728128, 0.058987032758720005, 0.05899128850432, 0.05899554451808, 0.0589998008, 0.05900405735008, 0.059008314168319996, 0.05901257125472, 0.05901682860928, 0.059021086231999996, 0.059025344122880005, 0.05902960228192, 0.05903386070912]",24,[]
request_29,97.2452118396759,0,134.36520862579346,[],35.334073066711426,0.20445239084032002,1,0,23,37.119996786117554,1.785923719406128,0.10820400196573009,length,"[0.042359748971648514, 0, 0, 0, 0, 0, 0, 0, 0, 0, 0, 0, 0, 0, 0, 0, 0, 0, 0, 0, 0, 0, 0]","[100, 100, 100, 100, 100, 100, 100, 100, 100, 100, 100, 100, 100, 100, 100, 100, 100, 100, 100, 100, 100, 100, 100]","[0.710597038269043, 0.08264589309692383, 0.08068132400512695, 0.07600569725036621, 0.07533383369445801, 0.07594108581542969, 0.07557129859924316, 0.07774734497070312, 0.07616662979125977, 0.07829880714416504, 0.09917092323303223, 0.08084630966186523, 0.07708024978637695, 0.08160543441772461, 0.07774949073791504, 0.07549452781677246, 0.07508444786071777, 0.07700109481811523, 0.0756385326385498, 0.07547259330749512, 0.07612061500549316, 0.07566595077514648, 0.13277292251586914]","[0.058940237255680004, 0.05894449005152, 0.05894874311552, 0.05895299644768, 0.058957250048, 0.05896150391648, 0.05896575805312, 0.05897001245792, 0.05897426713088, 0.058978522071999995, 0.05898277728128, 0.058987032758720005, 0.05899128850432, 0.05899554451808, 0.0589998008, 0.05900405735008, 0.059008314168319996, 0.05901257125472, 0.05901682860928, 0.059021086231999996, 0.059025344122880005, 0.05902960228192, 0.05903386070912]",24,[]
request_30,97.24558854103088,0,134.36520862579346,[],35.333696365356445,0.20445239084032002,1,0,23,37.11962008476257,1.785923719406128,0.10820400196573009,length,"[0.042359748971648514, 0, 0, 0, 0, 0, 0, 0, 0, 0, 0, 0, 0, 0, 0, 0, 0, 0, 0, 0, 0, 0, 0]","[100, 100, 100, 100, 100, 100, 100, 100, 100, 100, 100, 100, 100, 100, 100, 100, 100, 100, 100, 100, 100, 100, 100]","[0.710597038269043, 0.08264589309692383, 0.08068132400512695, 0.07600569725036621, 0.07533383369445801, 0.07594108581542969, 0.07557129859924316, 0.07774734497070312, 0.07616662979125977, 0.07829880714416504, 0.09917092323303223, 0.08084630966186523, 0.07708024978637695, 0.08160543441772461, 0.07774949073791504, 0.07549452781677246, 0.07508444786071777, 0.07700109481811523, 0.0756385326385498, 0.07547259330749512, 0.07612061500549316, 0.07566595077514648, 0.13277292251586914]","[0.058940237255680004, 0.05894449005152, 0.05894874311552, 0.05895299644768, 0.058957250048, 0.05896150391648, 0.05896575805312, 0.05897001245792, 0.05897426713088, 0.058978522071999995, 0.05898277728128, 0.058987032758720005, 0.05899128850432, 0.05899554451808, 0.0589998008, 0.05900405735008, 0.059008314168319996, 0.05901257125472, 0.05901682860928, 0.059021086231999996, 0.059025344122880005, 0.05902960228192, 0.05903386070912]",24,[]
request_31,97.24592733383179,0,134.36520862579346,[],35.33335757255554,0.20445239084032002,1,0,23,37.11928129196167,1.785923719406128,0.10820400196573009,length,"[0.042359748971648514, 0, 0, 0, 0, 0, 0, 0, 0, 0, 0, 0, 0, 0, 0, 0, 0, 0, 0, 0, 0, 0, 0]","[100, 100, 100, 100, 100, 100, 100, 100, 100, 100, 100, 100, 100, 100, 100, 100, 100, 100, 100, 100, 100, 100, 100]","[0.710597038269043, 0.08264589309692383, 0.08068132400512695, 0.07600569725036621, 0.07533383369445801, 0.07594108581542969, 0.07557129859924316, 0.07774734497070312, 0.07616662979125977, 0.07829880714416504, 0.09917092323303223, 0.08084630966186523, 0.07708024978637695, 0.08160543441772461, 0.07774949073791504, 0.07549452781677246, 0.07508444786071777, 0.07700109481811523, 0.0756385326385498, 0.07547259330749512, 0.07612061500549316, 0.07566595077514648, 0.13277292251586914]","[0.058940237255680004, 0.05894449005152, 0.05894874311552, 0.05895299644768, 0.058957250048, 0.05896150391648, 0.05896575805312, 0.05897001245792, 0.05897426713088, 0.058978522071999995, 0.05898277728128, 0.058987032758720005, 0.05899128850432, 0.05899554451808, 0.0589998008, 0.05900405735008, 0.059008314168319996, 0.05901257125472, 0.05901682860928, 0.059021086231999996, 0.059025344122880005, 0.05902960228192, 0.05903386070912]",24,[]
request_32,104.68343782424927,0,136.18281388282776,[],31.391521453857422,0.20445239084032002,0,0,3,31.49937605857849,0.10785460472106934,0.06614375114440918,length,"[0.036905193992424756, 0, 0]","[0.05214076013946813, 100, 100]","[0.09123516082763672, 0.05135965347290039, 0.05583643913269043]","[0.04540450808672, 0.04540779845632, 0.045411089094079995]",4,[]
request_33,104.68389630317688,0,136.18281388282776,[],31.39106297492981,0.20445239084032002,0,0,3,31.49891757965088,0.10785460472106934,0.06614375114440918,length,"[0.036905193992424756, 0, 0]","[0.05214076013946813, 100, 100]","[0.09123516082763672, 0.05135965347290039, 0.05583643913269043]","[0.04540450808672, 0.04540779845632, 0.045411089094079995]",4,[]
request_34,104.68402671813965,0,136.18281388282776,[],31.39093255996704,0.20445239084032002,0,0,3,31.49878716468811,0.10785460472106934,0.06614375114440918,length,"[0.036905193992424756, 0, 0]","[0.05214076013946813, 100, 100]","[0.09123516082763672, 0.05135965347290039, 0.05583643913269043]","[0.04540450808672, 0.04540779845632, 0.045411089094079995]",4,[]
request_35,104.68413591384888,0,136.18281388282776,[],31.390823364257812,0.20445239084032002,0,0,3,31.498677968978882,0.10785460472106934,0.06614375114440918,length,"[0.036905193992424756, 0, 0]","[0.05214076013946813, 100, 100]","[0.09123516082763672, 0.05135965347290039, 0.05583643913269043]","[0.04540450808672, 0.04540779845632, 0.045411089094079995]",4,[]
request_36,106.67293643951416,0,143.56292700767517,[],35.961177587509155,0.20445239084032002,1,0,4,36.88999056816101,0.9288129806518555,0.25612974166870117,length,"[0.037094677973072976, 0, 0, 0]","[0.13362885779550832, 100, 100, 100]","[0.09656357765197754, 0.05064535140991211, 0.809544563293457, 0.06776547431945801]","[0.047916193387520005, 0.04791968246368, 0.047923171808, 0.04792666142048]",5,[]
request_37,106.67345023155212,0,143.56292700767517,[],35.96066379547119,0.20445239084032002,1,0,4,36.88947677612305,0.9288129806518555,0.25612974166870117,length,"[0.037094677973072976, 0, 0, 0]","[0.13362885779550832, 100, 100, 100]","[0.09656357765197754, 0.05064535140991211, 0.809544563293457, 0.06776547431945801]","[0.047916193387520005, 0.04791968246368, 0.047923171808, 0.04792666142048]",5,[]
request_38,106.67365980148315,0,143.56292700767517,[],35.96045422554016,0.20445239084032002,1,0,4,36.88926720619202,0.9288129806518555,0.25612974166870117,length,"[0.037094677973072976, 0, 0, 0]","[0.13362885779550832, 100, 100, 100]","[0.09656357765197754, 0.05064535140991211, 0.809544563293457, 0.06776547431945801]","[0.047916193387520005, 0.04791968246368, 0.047923171808, 0.04792666142048]",5,[]
request_39,106.67381644248962,0,143.56292700767517,[],35.96029758453369,0.20445239084032002,1,0,4,36.88911056518555,0.9288129806518555,0.25612974166870117,length,"[0.037094677973072976, 0, 0, 0]","[0.13362885779550832, 100, 100, 100]","[0.09656357765197754, 0.05064535140991211, 0.809544563293457, 0.06776547431945801]","[0.047916193387520005, 0.04791968246368, 0.047923171808, 0.04792666142048]",5,[]
request_40,107.02843427658081,0,145.58097076416016,[],38.106667280197144,0.20445239084032002,0,0,10,38.552536487579346,0.44586920738220215,0.05323657989501953,length,"[0.03772519202902913, 0, 0, 0, 0, 0, 0, 0, 0, 0]","[0.05089956426230647, 100, 100, 100, 100, 100, 100, 100, 100, 100]","[0.08878469467163086, 0.04929161071777344, 0.04854273796081543, 0.04840421676635742, 0.050195932388305664, 0.04826951026916504, 0.048137664794921875, 0.048346757888793945, 0.04877114295959473, 0.053621530532836914]","[0.045335472270079995, 0.04533875700832, 0.04534204201472, 0.04534532728928, 0.045348612832, 0.04535189864288, 0.04535518472192, 0.04535847106912, 0.04536175768448, 0.045365044567999994]",11,[]
request_41,107.02875280380249,0,145.58097076416016,[],38.106348752975464,0.20445239084032002,0,0,10,38.552217960357666,0.44586920738220215,0.05323657989501953,length,"[0.03772519202902913, 0, 0, 0, 0, 0, 0, 0, 0, 0]","[0.05089956426230647, 100, 100, 100, 100, 100, 100, 100, 100, 100]","[0.08878469467163086, 0.04929161071777344, 0.04854273796081543, 0.04840421676635742, 0.050195932388305664, 0.04826951026916504, 0.048137664794921875, 0.048346757888793945, 0.04877114295959473, 0.053621530532836914]","[0.045335472270079995, 0.04533875700832, 0.04534204201472, 0.04534532728928, 0.045348612832, 0.04535189864288, 0.04535518472192, 0.04535847106912, 0.04536175768448, 0.045365044567999994]",11,[]
request_42,107.02886533737183,0,145.58097076416016,[],38.10623621940613,0.20445239084032002,0,0,10,38.55210542678833,0.44586920738220215,0.05323657989501953,length,"[0.03772519202902913, 0, 0, 0, 0, 0, 0, 0, 0, 0]","[0.05089956426230647, 100, 100, 100, 100, 100, 100, 100, 100, 100]","[0.08878469467163086, 0.04929161071777344, 0.04854273796081543, 0.04840421676635742, 0.050195932388305664, 0.04826951026916504, 0.048137664794921875, 0.048346757888793945, 0.04877114295959473, 0.053621530532836914]","[0.045335472270079995, 0.04533875700832, 0.04534204201472, 0.04534532728928, 0.045348612832, 0.04535189864288, 0.04535518472192, 0.04535847106912, 0.04536175768448, 0.045365044567999994]",11,[]
request_43,107.02896761894226,0,145.58097076416016,[],38.10613393783569,0.20445239084032002,0,0,10,38.552003145217896,0.44586920738220215,0.05323657989501953,length,"[0.03772519202902913, 0, 0, 0, 0, 0, 0, 0, 0, 0]","[0.05089956426230647, 100, 100, 100, 100, 100, 100, 100, 100, 100]","[0.08878469467163086, 0.04929161071777344, 0.04854273796081543, 0.04840421676635742, 0.050195932388305664, 0.04826951026916504, 0.048137664794921875, 0.048346757888793945, 0.04877114295959473, 0.053621530532836914]","[0.045335472270079995, 0.04533875700832, 0.04534204201472, 0.04534532728928, 0.045348612832, 0.04535189864288, 0.04535518472192, 0.04535847106912, 0.04536175768448, 0.045365044567999994]",11,[]
request_44,107.69711947441101,0,175.4618625640869,[],66.34369921684265,0.20445239084032002,1,0,18,67.7647430896759,1.421043872833252,0.1230762932035658,length,"[0.09050544595811516, 0, 0, 0, 0, 0, 0, 0, 0, 0, 0, 0, 0, 0, 0, 0, 0, 0]","[100, 100, 100, 100, 100, 100, 100, 100, 100, 100, 100, 100, 100, 100, 100, 100, 100, 100]","[0.8007526397705078, 0.08255243301391602, 0.0814352035522461, 0.07827615737915039, 0.0977938175201416, 0.07874798774719238, 0.0801084041595459, 0.07813262939453125, 0.07806682586669922, 0.07755064964294434, 0.07772159576416016, 0.0771169662475586, 0.07748699188232422, 0.07796955108642578, 0.07807278633117676, 0.07759785652160645, 0.07802224159240723, 0.1379685401916504]","[0.06118787660288, 0.06119226884192, 0.06119666134912, 0.06120105412448, 0.061205447168000006, 0.06120984047968, 0.06121423405952, 0.06121862790752, 0.061223022023680004, 0.061227416408, 0.06123181106048, 0.06123620598112, 0.06124060116992, 0.06124499662688, 0.061249392352, 0.06125378834528, 0.06125818460672, 0.06126258113632]",19,[]
request_45,107.69768023490906,0,175.4618625640869,[],66.3431384563446,0.20445239084032002,1,0,18,67.76418232917786,1.421043872833252,0.1230762932035658,length,"[0.09050544595811516, 0, 0, 0, 0, 0, 0, 0, 0, 0, 0, 0, 0, 0, 0, 0, 0, 0]","[100, 100, 100, 100, 100, 100, 100, 100, 100, 100, 100, 100, 100, 100, 100, 100, 100, 100]","[0.8007526397705078, 0.08255243301391602, 0.0814352035522461, 0.07827615737915039, 0.0977938175201416, 0.07874798774719238, 0.0801084041595459, 0.07813262939453125, 0.07806682586669922, 0.07755064964294434, 0.07772159576416016, 0.0771169662475586, 0.07748699188232422, 0.07796955108642578, 0.07807278633117676, 0.07759785652160645, 0.07802224159240723, 0.1379685401916504]","[0.06118787660288, 0.06119226884192, 0.06119666134912, 0.06120105412448, 0.061205447168000006, 0.06120984047968, 0.06121423405952, 0.06121862790752, 0.061223022023680004, 0.061227416408, 0.06123181106048, 0.06123620598112, 0.06124060116992, 0.06124499662688, 0.061249392352, 0.06125378834528, 0.06125818460672, 0.06126258113632]",19,[]
request_46,107.698073387146,0,175.4618625640869,[],66.34274530410767,0.20445239084032002,1,0,18,67.76378917694092,1.421043872833252,0.1230762932035658,length,"[0.09050544595811516, 0, 0, 0, 0, 0, 0, 0, 0, 0, 0, 0, 0, 0, 0, 0, 0, 0]","[100, 100, 100, 100, 100, 100, 100, 100, 100, 100, 100, 100, 100, 100, 100, 100, 100, 100]","[0.8007526397705078, 0.08255243301391602, 0.0814352035522461, 0.07827615737915039, 0.0977938175201416, 0.07874798774719238, 0.0801084041595459, 0.07813262939453125, 0.07806682586669922, 0.07755064964294434, 0.07772159576416016, 0.0771169662475586, 0.07748699188232422, 0.07796955108642578, 0.07807278633117676, 0.07759785652160645, 0.07802224159240723, 0.1379685401916504]","[0.06118787660288, 0.06119226884192, 0.06119666134912, 0.06120105412448, 0.061205447168000006, 0.06120984047968, 0.06121423405952, 0.06121862790752, 0.061223022023680004, 0.061227416408, 0.06123181106048, 0.06123620598112, 0.06124060116992, 0.06124499662688, 0.061249392352, 0.06125378834528, 0.06125818460672, 0.06126258113632]",19,[]
request_47,107.69844841957092,0,175.4618625640869,[],66.34237027168274,0.20445239084032002,1,0,18,67.76341414451599,1.421043872833252,0.1230762932035658,length,"[0.09050544595811516, 0, 0, 0, 0, 0, 0, 0, 0, 0, 0, 0, 0, 0, 0, 0, 0, 0]","[100, 100, 100, 100, 100, 100, 100, 100, 100, 100, 100, 100, 100, 100, 100, 100, 100, 100]","[0.8007526397705078, 0.08255243301391602, 0.0814352035522461, 0.07827615737915039, 0.0977938175201416, 0.07874798774719238, 0.0801084041595459, 0.07813262939453125, 0.07806682586669922, 0.07755064964294434, 0.07772159576416016, 0.0771169662475586, 0.07748699188232422, 0.07796955108642578, 0.07807278633117676, 0.07759785652160645, 0.07802224159240723, 0.1379685401916504]","[0.06118787660288, 0.06119226884192, 0.06119666134912, 0.06120105412448, 0.061205447168000006, 0.06120984047968, 0.06121423405952, 0.06121862790752, 0.061223022023680004, 0.061227416408, 0.06123181106048, 0.06123620598112, 0.06124060116992, 0.06124499662688, 0.061249392352, 0.06125378834528, 0.06125818460672, 0.06126258113632]",19,[]
request_48,134.07893919944763,0,182.99764108657837,[],47.68544816970825,0.20445239084032002,0,0,25,48.91870188713074,1.2332537174224854,0.05271803855895996,length,"[0.037432402023114264, 0, 0, 0, 0, 0, 0, 0, 0, 0, 0, 0, 0, 0, 0, 0, 0, 0, 0, 0, 0, 0, 0, 0, 0]","[0.13097941690003273, 100, 100, 100, 100, 100, 100, 100, 100, 100, 100, 100, 100, 100, 100, 100, 100, 100, 100, 100, 100, 100, 100, 100, 100]","[0.0929713249206543, 0.0504300594329834, 0.0572357177734375, 0.04954266548156738, 0.049214839935302734, 0.04985690116882324, 0.05005955696105957, 0.050005435943603516, 0.05628013610839844, 0.0503389835357666, 0.05002546310424805, 0.049692392349243164, 0.049273014068603516, 0.049608707427978516, 0.05032920837402344, 0.0495147705078125, 0.05008435249328613, 0.04952836036682129, 0.052004337310791016, 0.04946565628051758, 0.04908561706542969, 0.04910564422607422, 0.04921674728393555, 0.049191951751708984, 0.06588912010192871]","[0.0478708598, 0.04787434539008, 0.04787783124832, 0.04788131737472, 0.047884803769280004, 0.047888290432, 0.04789177736288, 0.04789526456192, 0.04789875202912, 0.04790223976448, 0.047905727768, 0.04790921603968001, 0.04791270457952, 0.047916193387520005, 0.04791968246368, 0.047923171808, 0.04792666142048, 0.04793015130112, 0.047933641449919996, 0.04793713186688, 0.047940622551999997, 0.04794411350528, 0.04794760472672, 0.04795109621632, 0.047954587974080004]",26,[]
request_49,134.07946372032166,0,182.99764108657837,[],47.68492364883423,0.20445239084032002,0,0,25,48.918177366256714,1.2332537174224854,0.05271803855895996,length,"[0.037432402023114264, 0, 0, 0, 0, 0, 0, 0, 0, 0, 0, 0, 0, 0, 0, 0, 0, 0, 0, 0, 0, 0, 0, 0, 0]","[0.13097941690003273, 100, 100, 100, 100, 100, 100, 100, 100, 100, 100, 100, 100, 100, 100, 100, 100, 100, 100, 100, 100, 100, 100, 100, 100]","[0.0929713249206543, 0.0504300594329834, 0.0572357177734375, 0.04954266548156738, 0.049214839935302734, 0.04985690116882324, 0.05005955696105957, 0.050005435943603516, 0.05628013610839844, 0.0503389835357666, 0.05002546310424805, 0.049692392349243164, 0.049273014068603516, 0.049608707427978516, 0.05032920837402344, 0.0495147705078125, 0.05008435249328613, 0.04952836036682129, 0.052004337310791016, 0.04946565628051758, 0.04908561706542969, 0.04910564422607422, 0.04921674728393555, 0.049191951751708984, 0.06588912010192871]","[0.0478708598, 0.04787434539008, 0.04787783124832, 0.04788131737472, 0.047884803769280004, 0.047888290432, 0.04789177736288, 0.04789526456192, 0.04789875202912, 0.04790223976448, 0.047905727768, 0.04790921603968001, 0.04791270457952, 0.047916193387520005, 0.04791968246368, 0.047923171808, 0.04792666142048, 0.04793015130112, 0.047933641449919996, 0.04793713186688, 0.047940622551999997, 0.04794411350528, 0.04794760472672, 0.04795109621632, 0.047954587974080004]",26,[]
request_50,134.07963752746582,0,182.99764108657837,[],47.68474984169006,0.20445239084032002,0,0,25,48.91800355911255,1.2332537174224854,0.05271803855895996,length,"[0.037432402023114264, 0, 0, 0, 0, 0, 0, 0, 0, 0, 0, 0, 0, 0, 0, 0, 0, 0, 0, 0, 0, 0, 0, 0, 0]","[0.13097941690003273, 100, 100, 100, 100, 100, 100, 100, 100, 100, 100, 100, 100, 100, 100, 100, 100, 100, 100, 100, 100, 100, 100, 100, 100]","[0.0929713249206543, 0.0504300594329834, 0.0572357177734375, 0.04954266548156738, 0.049214839935302734, 0.04985690116882324, 0.05005955696105957, 0.050005435943603516, 0.05628013610839844, 0.0503389835357666, 0.05002546310424805, 0.049692392349243164, 0.049273014068603516, 0.049608707427978516, 0.05032920837402344, 0.0495147705078125, 0.05008435249328613, 0.04952836036682129, 0.052004337310791016, 0.04946565628051758, 0.04908561706542969, 0.04910564422607422, 0.04921674728393555, 0.049191951751708984, 0.06588912010192871]","[0.0478708598, 0.04787434539008, 0.04787783124832, 0.04788131737472, 0.047884803769280004, 0.047888290432, 0.04789177736288, 0.04789526456192, 0.04789875202912, 0.04790223976448, 0.047905727768, 0.04790921603968001, 0.04791270457952, 0.047916193387520005, 0.04791968246368, 0.047923171808, 0.04792666142048, 0.04793015130112, 0.047933641449919996, 0.04793713186688, 0.047940622551999997, 0.04794411350528, 0.04794760472672, 0.04795109621632, 0.047954587974080004]",26,[]
request_51,134.07980275154114,0,182.99764108657837,[],47.684584617614746,0.20445239084032002,0,0,25,48.91783833503723,1.2332537174224854,0.05271803855895996,length,"[0.037432402023114264, 0, 0, 0, 0, 0, 0, 0, 0, 0, 0, 0, 0, 0, 0, 0, 0, 0, 0, 0, 0, 0, 0, 0, 0]","[0.13097941690003273, 100, 100, 100, 100, 100, 100, 100, 100, 100, 100, 100, 100, 100, 100, 100, 100, 100, 100, 100, 100, 100, 100, 100, 100]","[0.0929713249206543, 0.0504300594329834, 0.0572357177734375, 0.04954266548156738, 0.049214839935302734, 0.04985690116882324, 0.05005955696105957, 0.050005435943603516, 0.05628013610839844, 0.0503389835357666, 0.05002546310424805, 0.049692392349243164, 0.049273014068603516, 0.049608707427978516, 0.05032920837402344, 0.0495147705078125, 0.05008435249328613, 0.04952836036682129, 0.052004337310791016, 0.04946565628051758, 0.04908561706542969, 0.04910564422607422, 0.04921674728393555, 0.049191951751708984, 0.06588912010192871]","[0.0478708598, 0.04787434539008, 0.04787783124832, 0.04788131737472, 0.047884803769280004, 0.047888290432, 0.04789177736288, 0.04789526456192, 0.04789875202912, 0.04790223976448, 0.047905727768, 0.04790921603968001, 0.04791270457952, 0.047916193387520005, 0.04791968246368, 0.047923171808, 0.04792666142048, 0.04793015130112, 0.047933641449919996, 0.04793713186688, 0.047940622551999997, 0.04794411350528, 0.04794760472672, 0.04795109621632, 0.047954587974080004]",26,[]
request_52,134.36641478538513,0,184.8058340549469,[],50.237666606903076,0.20445239084032002,0,0,5,50.43941926956177,0.2017526626586914,0.05840458869934082,length,"[0.03973005001898855, 0, 0, 0, 0]","[0.05089956426230647, 100, 100, 100, 100]","[0.09129118919372559, 0.04985547065734863, 0.04877948760986328, 0.04881548881530762, 0.053281307220458984]","[0.045348612832, 0.04535189864288, 0.04535518472192, 0.04535847106912, 0.04536175768448]",6,[]
request_53,134.36665964126587,0,184.8058340549469,[],50.23742175102234,0.20445239084032002,0,0,5,50.43917441368103,0.2017526626586914,0.05840458869934082,length,"[0.03973005001898855, 0, 0, 0, 0]","[0.05089956426230647, 100, 100, 100, 100]","[0.09129118919372559, 0.04985547065734863, 0.04877948760986328, 0.04881548881530762, 0.053281307220458984]","[0.045348612832, 0.04535189864288, 0.04535518472192, 0.04535847106912, 0.04536175768448]",6,[]
request_54,134.36677598953247,0,184.8058340549469,[],50.23730540275574,0.20445239084032002,0,0,5,50.43905806541443,0.2017526626586914,0.05840458869934082,length,"[0.03973005001898855, 0, 0, 0, 0]","[0.05089956426230647, 100, 100, 100, 100]","[0.09129118919372559, 0.04985547065734863, 0.04877948760986328, 0.04881548881530762, 0.053281307220458984]","[0.045348612832, 0.04535189864288, 0.04535518472192, 0.04535847106912, 0.04536175768448]",6,[]
request_55,134.36688137054443,0,184.8058340549469,[],50.237200021743774,0.20445239084032002,0,0,5,50.438952684402466,0.2017526626586914,0.05840458869934082,length,"[0.03973005001898855, 0, 0, 0, 0]","[0.05089956426230647, 100, 100, 100, 100]","[0.09129118919372559, 0.04985547065734863, 0.04877948760986328, 0.04881548881530762, 0.053281307220458984]","[0.045348612832, 0.04535189864288, 0.04535518472192, 0.04535847106912, 0.04536175768448]",6,[]
request_56,136.18381905555725,0,186.7810800075531,[],50.344170808792114,0.20445239084032002,0,0,6,50.59726095199585,0.25309014320373535,0.05637681484222412,length,"[0.0345356100006029, 0, 0, 0, 0, 0]","[0.05214076013946813, 100, 100, 100, 100, 100]","[0.0864570140838623, 0.04961276054382324, 0.04880857467651367, 0.0486752986907959, 0.0510869026184082, 0.053620338439941406]","[0.04541767117408, 0.045420962616320004, 0.04542425432672, 0.04542754630528, 0.045430838552, 0.04543413106688]",7,[]
request_57,136.184232711792,0,186.7810800075531,[],50.34375715255737,0.20445239084032002,0,0,6,50.59684729576111,0.25309014320373535,0.05637681484222412,length,"[0.0345356100006029, 0, 0, 0, 0, 0]","[0.05214076013946813, 100, 100, 100, 100, 100]","[0.0864570140838623, 0.04961276054382324, 0.04880857467651367, 0.0486752986907959, 0.0510869026184082, 0.053620338439941406]","[0.04541767117408, 0.045420962616320004, 0.04542425432672, 0.04542754630528, 0.045430838552, 0.04543413106688]",7,[]
request_58,136.18435263633728,0,186.7810800075531,[],50.343637228012085,0.20445239084032002,0,0,6,50.59672737121582,0.25309014320373535,0.05637681484222412,length,"[0.0345356100006029, 0, 0, 0, 0, 0]","[0.05214076013946813, 100, 100, 100, 100, 100]","[0.0864570140838623, 0.04961276054382324, 0.04880857467651367, 0.0486752986907959, 0.0510869026184082, 0.053620338439941406]","[0.04541767117408, 0.045420962616320004, 0.04542425432672, 0.04542754630528, 0.045430838552, 0.04543413106688]",7,[]
request_59,136.1844618320465,0,186.7810800075531,[],50.343528032302856,0.20445239084032002,0,0,6,50.59661817550659,0.25309014320373535,0.05637681484222412,length,"[0.0345356100006029, 0, 0, 0, 0, 0]","[0.05214076013946813, 100, 100, 100, 100, 100]","[0.0864570140838623, 0.04961276054382324, 0.04880857467651367, 0.0486752986907959, 0.0510869026184082, 0.053620338439941406]","[0.04541767117408, 0.045420962616320004, 0.04542425432672, 0.04542754630528, 0.045430838552, 0.04543413106688]",7,[]
request_60,143.56408500671387,0,217.5201451778412,[],71.3107795715332,0.20445239084032002,1,0,31,73.95606017112732,2.645280599594116,0.10650821655027327,length,"[0.059651807008776814, 0, 0, 0, 0, 0, 0, 0, 0, 0, 0, 0, 0, 0, 0, 0, 0, 0, 0, 0, 0, 0, 0, 0, 0, 0, 0, 0, 0, 0, 0]","[100, 100, 100, 100, 100, 100, 100, 100, 100, 100, 100, 100, 100, 100, 100, 100, 100, 100, 100, 100, 100, 100, 100, 100, 100, 100, 100, 100, 100, 100, 100]","[0.6666707992553711, 0.0814359188079834, 0.08124446868896484, 0.08059430122375488, 0.08025574684143066, 0.07791352272033691, 0.0776677131652832, 0.07785773277282715, 0.07745504379272461, 0.08099627494812012, 0.0787515640258789, 0.0776052474975586, 0.07812666893005371, 0.0774998664855957, 0.102020263671875, 0.2776510715484619, 0.07828474044799805, 0.07928609848022461, 0.07786035537719727, 0.0773777961730957, 0.07748031616210938, 0.07718229293823242, 0.07735037803649902, 0.07943058013916016, 0.07831358909606934, 0.07737112045288086, 0.07797026634216309, 0.07827210426330566, 0.07755923271179199, 0.07719278335571289, 0.13707685470581055]","[0.06110886215552, 0.06111324956768, 0.061117637248000005, 0.06112202519648, 0.061126413413119994, 0.06113080189792, 0.06113519065088, 0.061139579672, 0.06114396896128, 0.061148358518720004, 0.06115274834432, 0.061157138438079996, 0.061161528800000003, 0.061165919430080005, 0.06117031032832, 0.06117470149472, 0.06117909292928, 0.061183484632000004, 0.06118787660288, 0.06119226884192, 0.06119666134912, 0.06120105412448, 0.061205447168000006, 0.06120984047968, 0.06121423405952, 0.06121862790752, 0.061223022023680004, 0.061227416408, 0.06123181106048, 0.06123620598112, 0.06124060116992]",32,[]
request_61,143.56474685668945,0,217.5201451778412,[],71.31011772155762,0.20445239084032002,1,0,31,73.95539832115173,2.645280599594116,0.10650821655027327,length,"[0.059651807008776814, 0, 0, 0, 0, 0, 0, 0, 0, 0, 0, 0, 0, 0, 0, 0, 0, 0, 0, 0, 0, 0, 0, 0, 0, 0, 0, 0, 0, 0, 0]","[100, 100, 100, 100, 100, 100, 100, 100, 100, 100, 100, 100, 100, 100, 100, 100, 100, 100, 100, 100, 100, 100, 100, 100, 100, 100, 100, 100, 100, 100, 100]","[0.6666707992553711, 0.0814359188079834, 0.08124446868896484, 0.08059430122375488, 0.08025574684143066, 0.07791352272033691, 0.0776677131652832, 0.07785773277282715, 0.07745504379272461, 0.08099627494812012, 0.0787515640258789, 0.0776052474975586, 0.07812666893005371, 0.0774998664855957, 0.102020263671875, 0.2776510715484619, 0.07828474044799805, 0.07928609848022461, 0.07786035537719727, 0.0773777961730957, 0.07748031616210938, 0.07718229293823242, 0.07735037803649902, 0.07943058013916016, 0.07831358909606934, 0.07737112045288086, 0.07797026634216309, 0.07827210426330566, 0.07755923271179199, 0.07719278335571289, 0.13707685470581055]","[0.06110886215552, 0.06111324956768, 0.061117637248000005, 0.06112202519648, 0.061126413413119994, 0.06113080189792, 0.06113519065088, 0.061139579672, 0.06114396896128, 0.061148358518720004, 0.06115274834432, 0.061157138438079996, 0.061161528800000003, 0.061165919430080005, 0.06117031032832, 0.06117470149472, 0.06117909292928, 0.061183484632000004, 0.06118787660288, 0.06119226884192, 0.06119666134912, 0.06120105412448, 0.061205447168000006, 0.06120984047968, 0.06121423405952, 0.06121862790752, 0.061223022023680004, 0.061227416408, 0.06123181106048, 0.06123620598112, 0.06124060116992]",32,[]
request_62,143.5651717185974,0,217.5201451778412,[],71.30969285964966,0.20445239084032002,1,0,31,73.95497345924377,2.645280599594116,0.10650821655027327,length,"[0.059651807008776814, 0, 0, 0, 0, 0, 0, 0, 0, 0, 0, 0, 0, 0, 0, 0, 0, 0, 0, 0, 0, 0, 0, 0, 0, 0, 0, 0, 0, 0, 0]","[100, 100, 100, 100, 100, 100, 100, 100, 100, 100, 100, 100, 100, 100, 100, 100, 100, 100, 100, 100, 100, 100, 100, 100, 100, 100, 100, 100, 100, 100, 100]","[0.6666707992553711, 0.0814359188079834, 0.08124446868896484, 0.08059430122375488, 0.08025574684143066, 0.07791352272033691, 0.0776677131652832, 0.07785773277282715, 0.07745504379272461, 0.08099627494812012, 0.0787515640258789, 0.0776052474975586, 0.07812666893005371, 0.0774998664855957, 0.102020263671875, 0.2776510715484619, 0.07828474044799805, 0.07928609848022461, 0.07786035537719727, 0.0773777961730957, 0.07748031616210938, 0.07718229293823242, 0.07735037803649902, 0.07943058013916016, 0.07831358909606934, 0.07737112045288086, 0.07797026634216309, 0.07827210426330566, 0.07755923271179199, 0.07719278335571289, 0.13707685470581055]","[0.06110886215552, 0.06111324956768, 0.061117637248000005, 0.06112202519648, 0.061126413413119994, 0.06113080189792, 0.06113519065088, 0.061139579672, 0.06114396896128, 0.061148358518720004, 0.06115274834432, 0.061157138438079996, 0.061161528800000003, 0.061165919430080005, 0.06117031032832, 0.06117470149472, 0.06117909292928, 0.061183484632000004, 0.06118787660288, 0.06119226884192, 0.06119666134912, 0.06120105412448, 0.061205447168000006, 0.06120984047968, 0.06121423405952, 0.06121862790752, 0.061223022023680004, 0.061227416408, 0.06123181106048, 0.06123620598112, 0.06124060116992]",32,[]
request_63,143.56551432609558,0,217.5201451778412,[],71.30935025215149,0.20445239084032002,1,0,31,73.9546308517456,2.645280599594116,0.10650821655027327,length,"[0.059651807008776814, 0, 0, 0, 0, 0, 0, 0, 0, 0, 0, 0, 0, 0, 0, 0, 0, 0, 0, 0, 0, 0, 0, 0, 0, 0, 0, 0, 0, 0, 0]","[100, 100, 100, 100, 100, 100, 100, 100, 100, 100, 100, 100, 100, 100, 100, 100, 100, 100, 100, 100, 100, 100, 100, 100, 100, 100, 100, 100, 100, 100, 100]","[0.6666707992553711, 0.0814359188079834, 0.08124446868896484, 0.08059430122375488, 0.08025574684143066, 0.07791352272033691, 0.0776677131652832, 0.07785773277282715, 0.07745504379272461, 0.08099627494812012, 0.0787515640258789, 0.0776052474975586, 0.07812666893005371, 0.0774998664855957, 0.102020263671875, 0.2776510715484619, 0.07828474044799805, 0.07928609848022461, 0.07786035537719727, 0.0773777961730957, 0.07748031616210938, 0.07718229293823242, 0.07735037803649902, 0.07943058013916016, 0.07831358909606934, 0.07737112045288086, 0.07797026634216309, 0.07827210426330566, 0.07755923271179199, 0.07719278335571289, 0.13707685470581055]","[0.06110886215552, 0.06111324956768, 0.061117637248000005, 0.06112202519648, 0.061126413413119994, 0.06113080189792, 0.06113519065088, 0.061139579672, 0.06114396896128, 0.061148358518720004, 0.06115274834432, 0.061157138438079996, 0.061161528800000003, 0.061165919430080005, 0.06117031032832, 0.06117470149472, 0.06117909292928, 0.061183484632000004, 0.06118787660288, 0.06119226884192, 0.06119666134912, 0.06120105412448, 0.061205447168000006, 0.06120984047968, 0.06121423405952, 0.06121862790752, 0.061223022023680004, 0.061227416408, 0.06123181106048, 0.06123620598112, 0.06124060116992]",32,[]
request_64,145.58200931549072,0,224.42904376983643,[],78.27083921432495,0.20445239084032002,0,0,12,78.8470344543457,0.576195240020752,0.05537064870198568,length,"[0.03507610800443217, 0, 0, 0, 0, 0, 0, 0, 0, 0, 0, 0]","[0.13362885779550832, 100, 100, 100, 100, 100, 100, 100, 100, 100, 100, 100]","[0.09102296829223633, 0.04966139793395996, 0.051428794860839844, 0.049176692962646484, 0.05025434494018555, 0.061585426330566406, 0.04963564872741699, 0.04932594299316406, 0.049089908599853516, 0.04906964302062988, 0.049640655517578125, 0.06455636024475098]","[0.04789875202912, 0.04790223976448, 0.047905727768, 0.04790921603968001, 0.04791270457952, 0.047916193387520005, 0.04791968246368, 0.047923171808, 0.04792666142048, 0.04793015130112, 0.047933641449919996, 0.04793713186688]",13,[]
request_65,145.5824019908905,0,224.42904376983643,[],78.27044653892517,0.20445239084032002,0,0,12,78.84664177894592,0.576195240020752,0.05537064870198568,length,"[0.03507610800443217, 0, 0, 0, 0, 0, 0, 0, 0, 0, 0, 0]","[0.13362885779550832, 100, 100, 100, 100, 100, 100, 100, 100, 100, 100, 100]","[0.09102296829223633, 0.04966139793395996, 0.051428794860839844, 0.049176692962646484, 0.05025434494018555, 0.061585426330566406, 0.04963564872741699, 0.04932594299316406, 0.049089908599853516, 0.04906964302062988, 0.049640655517578125, 0.06455636024475098]","[0.04789875202912, 0.04790223976448, 0.047905727768, 0.04790921603968001, 0.04791270457952, 0.047916193387520005, 0.04791968246368, 0.047923171808, 0.04792666142048, 0.04793015130112, 0.047933641449919996, 0.04793713186688]",13,[]
request_66,145.58258175849915,0,224.42904376983643,[],78.27026677131653,0.20445239084032002,0,0,12,78.84646201133728,0.576195240020752,0.05537064870198568,length,"[0.03507610800443217, 0, 0, 0, 0, 0, 0, 0, 0, 0, 0, 0]","[0.13362885779550832, 100, 100, 100, 100, 100, 100, 100, 100, 100, 100, 100]","[0.09102296829223633, 0.04966139793395996, 0.051428794860839844, 0.049176692962646484, 0.05025434494018555, 0.061585426330566406, 0.04963564872741699, 0.04932594299316406, 0.049089908599853516, 0.04906964302062988, 0.049640655517578125, 0.06455636024475098]","[0.04789875202912, 0.04790223976448, 0.047905727768, 0.04790921603968001, 0.04791270457952, 0.047916193387520005, 0.04791968246368, 0.047923171808, 0.04792666142048, 0.04793015130112, 0.047933641449919996, 0.04793713186688]",13,[]
request_67,145.58272242546082,0,224.42904376983643,[],78.27012610435486,0.20445239084032002,0,0,12,78.84632134437561,0.576195240020752,0.05537064870198568,length,"[0.03507610800443217, 0, 0, 0, 0, 0, 0, 0, 0, 0, 0, 0]","[0.13362885779550832, 100, 100, 100, 100, 100, 100, 100, 100, 100, 100, 100]","[0.09102296829223633, 0.04966139793395996, 0.051428794860839844, 0.049176692962646484, 0.05025434494018555, 0.061585426330566406, 0.04963564872741699, 0.04932594299316406, 0.049089908599853516, 0.04906964302062988, 0.049640655517578125, 0.06455636024475098]","[0.04789875202912, 0.04790223976448, 0.047905727768, 0.04790921603968001, 0.04791270457952, 0.047916193387520005, 0.04791968246368, 0.047923171808, 0.04792666142048, 0.04793015130112, 0.047933641449919996, 0.04793713186688]",13,[]
request_68,175.08748364448547,0,253.39078307151794,[],75.88894629478455,0.20445239084032002,1,0,31,78.30329942703247,2.414353132247925,0.09929728507995605,length,"[0.052577777998521924, 0, 0, 0, 0, 0, 0, 0, 0, 0, 0, 0, 0, 0, 0, 0, 0, 0, 0, 0, 0, 0, 0, 0, 0, 0, 0, 0, 0, 0, 0]","[100, 100, 100, 100, 100, 100, 100, 100, 100, 100, 100, 100, 100, 100, 100, 100, 100, 100, 100, 100, 100, 100, 100, 100, 100, 100, 100, 100, 100, 100, 100]","[0.671881914138794, 0.08038783073425293, 0.08157825469970703, 0.07723093032836914, 0.07710862159729004, 0.07669806480407715, 0.07676291465759277, 0.07634639739990234, 0.07759952545166016, 0.07629847526550293, 0.07628941535949707, 0.07719159126281738, 0.07671117782592773, 0.07742166519165039, 0.0980067253112793, 0.07793283462524414, 0.0777287483215332, 0.07665395736694336, 0.07749176025390625, 0.08041644096374512, 0.07799839973449707, 0.07656192779541016, 0.07669401168823242, 0.07647895812988281, 0.07662701606750488, 0.08018159866333008, 0.07709288597106934, 0.07717156410217285, 0.07710433006286621, 0.07648921012878418, 0.1380786895751953]","[0.060011782695680006, 0.06001610253152, 0.060020422635519995, 0.06002474300768, 0.060029063648, 0.060033384556479996, 0.06003770573312, 0.060042027177919996, 0.06004634889088, 0.060050670872, 0.06005499312128, 0.06005931563872, 0.06006363842432, 0.06006796147808, 0.0600722848, 0.06007660839008, 0.06008093224832, 0.06008525637472, 0.060089580769280004, 0.060093905432, 0.06009823036288, 0.06010255556192, 0.06010688102912, 0.06011120676448, 0.060115532768, 0.06011985903968001, 0.06012418557952, 0.06012851238752, 0.06013283946368, 0.060137166808000006, 0.06014149442048]",32,[]
request_69,175.08817672729492,0,253.39078307151794,[],75.8882532119751,0.20445239084032002,1,0,31,78.30260634422302,2.414353132247925,0.09929728507995605,length,"[0.052577777998521924, 0, 0, 0, 0, 0, 0, 0, 0, 0, 0, 0, 0, 0, 0, 0, 0, 0, 0, 0, 0, 0, 0, 0, 0, 0, 0, 0, 0, 0, 0]","[100, 100, 100, 100, 100, 100, 100, 100, 100, 100, 100, 100, 100, 100, 100, 100, 100, 100, 100, 100, 100, 100, 100, 100, 100, 100, 100, 100, 100, 100, 100]","[0.671881914138794, 0.08038783073425293, 0.08157825469970703, 0.07723093032836914, 0.07710862159729004, 0.07669806480407715, 0.07676291465759277, 0.07634639739990234, 0.07759952545166016, 0.07629847526550293, 0.07628941535949707, 0.07719159126281738, 0.07671117782592773, 0.07742166519165039, 0.0980067253112793, 0.07793283462524414, 0.0777287483215332, 0.07665395736694336, 0.07749176025390625, 0.08041644096374512, 0.07799839973449707, 0.07656192779541016, 0.07669401168823242, 0.07647895812988281, 0.07662701606750488, 0.08018159866333008, 0.07709288597106934, 0.07717156410217285, 0.07710433006286621, 0.07648921012878418, 0.1380786895751953]","[0.060011782695680006, 0.06001610253152, 0.060020422635519995, 0.06002474300768, 0.060029063648, 0.060033384556479996, 0.06003770573312, 0.060042027177919996, 0.06004634889088, 0.060050670872, 0.06005499312128, 0.06005931563872, 0.06006363842432, 0.06006796147808, 0.0600722848, 0.06007660839008, 0.06008093224832, 0.06008525637472, 0.060089580769280004, 0.060093905432, 0.06009823036288, 0.06010255556192, 0.06010688102912, 0.06011120676448, 0.060115532768, 0.06011985903968001, 0.06012418557952, 0.06012851238752, 0.06013283946368, 0.060137166808000006, 0.06014149442048]",32,[]
request_70,175.0885374546051,0,253.39078307151794,[],75.88789248466492,0.20445239084032002,1,0,31,78.30224561691284,2.414353132247925,0.09929728507995605,length,"[0.052577777998521924, 0, 0, 0, 0, 0, 0, 0, 0, 0, 0, 0, 0, 0, 0, 0, 0, 0, 0, 0, 0, 0, 0, 0, 0, 0, 0, 0, 0, 0, 0]","[100, 100, 100, 100, 100, 100, 100, 100, 100, 100, 100, 100, 100, 100, 100, 100, 100, 100, 100, 100, 100, 100, 100, 100, 100, 100, 100, 100, 100, 100, 100]","[0.671881914138794, 0.08038783073425293, 0.08157825469970703, 0.07723093032836914, 0.07710862159729004, 0.07669806480407715, 0.07676291465759277, 0.07634639739990234, 0.07759952545166016, 0.07629847526550293, 0.07628941535949707, 0.07719159126281738, 0.07671117782592773, 0.07742166519165039, 0.0980067253112793, 0.07793283462524414, 0.0777287483215332, 0.07665395736694336, 0.07749176025390625, 0.08041644096374512, 0.07799839973449707, 0.07656192779541016, 0.07669401168823242, 0.07647895812988281, 0.07662701606750488, 0.08018159866333008, 0.07709288597106934, 0.07717156410217285, 0.07710433006286621, 0.07648921012878418, 0.1380786895751953]","[0.060011782695680006, 0.06001610253152, 0.060020422635519995, 0.06002474300768, 0.060029063648, 0.060033384556479996, 0.06003770573312, 0.060042027177919996, 0.06004634889088, 0.060050670872, 0.06005499312128, 0.06005931563872, 0.06006363842432, 0.06006796147808, 0.0600722848, 0.06007660839008, 0.06008093224832, 0.06008525637472, 0.060089580769280004, 0.060093905432, 0.06009823036288, 0.06010255556192, 0.06010688102912, 0.06011120676448, 0.060115532768, 0.06011985903968001, 0.06012418557952, 0.06012851238752, 0.06013283946368, 0.060137166808000006, 0.06014149442048]",32,[]
request_71,175.08890986442566,0,253.39078307151794,[],75.88752007484436,0.20445239084032002,1,0,31,78.30187320709229,2.414353132247925,0.09929728507995605,length,"[0.052577777998521924, 0, 0, 0, 0, 0, 0, 0, 0, 0, 0, 0, 0, 0, 0, 0, 0, 0, 0, 0, 0, 0, 0, 0, 0, 0, 0, 0, 0, 0, 0]","[100, 100, 100, 100, 100, 100, 100, 100, 100, 100, 100, 100, 100, 100, 100, 100, 100, 100, 100, 100, 100, 100, 100, 100, 100, 100, 100, 100, 100, 100, 100]","[0.671881914138794, 0.08038783073425293, 0.08157825469970703, 0.07723093032836914, 0.07710862159729004, 0.07669806480407715, 0.07676291465759277, 0.07634639739990234, 0.07759952545166016, 0.07629847526550293, 0.07628941535949707, 0.07719159126281738, 0.07671117782592773, 0.07742166519165039, 0.0980067253112793, 0.07793283462524414, 0.0777287483215332, 0.07665395736694336, 0.07749176025390625, 0.08041644096374512, 0.07799839973449707, 0.07656192779541016, 0.07669401168823242, 0.07647895812988281, 0.07662701606750488, 0.08018159866333008, 0.07709288597106934, 0.07717156410217285, 0.07710433006286621, 0.07648921012878418, 0.1380786895751953]","[0.060011782695680006, 0.06001610253152, 0.060020422635519995, 0.06002474300768, 0.060029063648, 0.060033384556479996, 0.06003770573312, 0.060042027177919996, 0.06004634889088, 0.060050670872, 0.06005499312128, 0.06005931563872, 0.06006363842432, 0.06006796147808, 0.0600722848, 0.06007660839008, 0.06008093224832, 0.06008525637472, 0.060089580769280004, 0.060093905432, 0.06009823036288, 0.06010255556192, 0.06010688102912, 0.06011120676448, 0.060115532768, 0.06011985903968001, 0.06012418557952, 0.06012851238752, 0.06013283946368, 0.060137166808000006, 0.06014149442048]",32,[]
request_72,175.46300148963928,0,282.0043864250183,[],106.06662917137146,0.20445239084032002,1,0,6,106.54138493537903,0.47475576400756836,0.19305026531219482,length,"[0.07993718300713226, 0, 0, 0, 0, 0]","[100, 100, 100, 100, 100, 100]","[0.6849496364593506, 0.0789339542388916, 0.09780311584472656, 0.07986831665039062, 0.0784292221069336, 0.13831734657287598]","[0.06099926400352, 0.06100364471168, 0.061008025688000005, 0.06101240693248, 0.06101678844512, 0.06102117022592]",7,[]
request_73,175.46345710754395,0,282.0043864250183,[],106.0661735534668,0.20445239084032002,1,0,6,106.54092931747437,0.47475576400756836,0.19305026531219482,length,"[0.07993718300713226, 0, 0, 0, 0, 0]","[100, 100, 100, 100, 100, 100]","[0.6849496364593506, 0.0789339542388916, 0.09780311584472656, 0.07986831665039062, 0.0784292221069336, 0.13831734657287598]","[0.06099926400352, 0.06100364471168, 0.061008025688000005, 0.06101240693248, 0.06101678844512, 0.06102117022592]",7,[]
request_74,175.4638376235962,0,282.0043864250183,[],106.06579303741455,0.20445239084032002,1,0,6,106.54054880142212,0.47475576400756836,0.19305026531219482,length,"[0.07993718300713226, 0, 0, 0, 0, 0]","[100, 100, 100, 100, 100, 100]","[0.6849496364593506, 0.0789339542388916, 0.09780311584472656, 0.07986831665039062, 0.0784292221069336, 0.13831734657287598]","[0.06099926400352, 0.06100364471168, 0.061008025688000005, 0.06101240693248, 0.06101678844512, 0.06102117022592]",7,[]
request_75,175.46419978141785,0,282.0043864250183,[],106.0654308795929,0.20445239084032002,1,0,6,106.54018664360046,0.47475576400756836,0.19305026531219482,length,"[0.07993718300713226, 0, 0, 0, 0, 0]","[100, 100, 100, 100, 100, 100]","[0.6849496364593506, 0.0789339542388916, 0.09780311584472656, 0.07986831665039062, 0.0784292221069336, 0.13831734657287598]","[0.06099926400352, 0.06100364471168, 0.061008025688000005, 0.06101240693248, 0.06101678844512, 0.06102117022592]",7,[]
request_76,182.12286162376404,0,284.18775629997253,[],101.54958939552307,0.20445239084032002,0,0,11,102.0648946762085,0.5153052806854248,0.05553759228099476,length,"[0.04368744103703648, 0, 0, 0, 0, 0, 0, 0, 0, 0, 0]","[0.05089956426230647, 100, 100, 100, 100, 100, 100, 100, 100, 100, 100]","[0.09864258766174316, 0.05128216743469238, 0.050940752029418945, 0.05036020278930664, 0.050987958908081055, 0.04996609687805176, 0.05098080635070801, 0.052958011627197266, 0.050290584564208984, 0.04952597618103027, 0.054978370666503906]","[0.04537819478368, 0.045381483008, 0.04538477150048, 0.04538806026112, 0.04539134928992, 0.04539463858688, 0.045397928152, 0.045401217985280004, 0.04540450808672, 0.04540779845632, 0.045411089094079995]",12,[]
request_77,182.12331366539001,0,284.18775629997253,[],101.5491373538971,0.20445239084032002,0,0,11,102.06444263458252,0.5153052806854248,0.05553759228099476,length,"[0.04368744103703648, 0, 0, 0, 0, 0, 0, 0, 0, 0, 0]","[0.05089956426230647, 100, 100, 100, 100, 100, 100, 100, 100, 100, 100]","[0.09864258766174316, 0.05128216743469238, 0.050940752029418945, 0.05036020278930664, 0.050987958908081055, 0.04996609687805176, 0.05098080635070801, 0.052958011627197266, 0.050290584564208984, 0.04952597618103027, 0.054978370666503906]","[0.04537819478368, 0.045381483008, 0.04538477150048, 0.04538806026112, 0.04539134928992, 0.04539463858688, 0.045397928152, 0.045401217985280004, 0.04540450808672, 0.04540779845632, 0.045411089094079995]",12,[]
request_78,182.1234269142151,0,284.18775629997253,[],101.54902410507202,0.20445239084032002,0,0,11,102.06432938575745,0.5153052806854248,0.05553759228099476,length,"[0.04368744103703648, 0, 0, 0, 0, 0, 0, 0, 0, 0, 0]","[0.05089956426230647, 100, 100, 100, 100, 100, 100, 100, 100, 100, 100]","[0.09864258766174316, 0.05128216743469238, 0.050940752029418945, 0.05036020278930664, 0.050987958908081055, 0.04996609687805176, 0.05098080635070801, 0.052958011627197266, 0.050290584564208984, 0.04952597618103027, 0.054978370666503906]","[0.04537819478368, 0.045381483008, 0.04538477150048, 0.04538806026112, 0.04539134928992, 0.04539463858688, 0.045397928152, 0.045401217985280004, 0.04540450808672, 0.04540779845632, 0.045411089094079995]",12,[]
request_79,182.12352681159973,0,284.18775629997253,[],101.54892420768738,0.20445239084032002,0,0,11,102.0642294883728,0.5153052806854248,0.05553759228099476,length,"[0.04368744103703648, 0, 0, 0, 0, 0, 0, 0, 0, 0, 0]","[0.05089956426230647, 100, 100, 100, 100, 100, 100, 100, 100, 100, 100]","[0.09864258766174316, 0.05128216743469238, 0.050940752029418945, 0.05036020278930664, 0.050987958908081055, 0.04996609687805176, 0.05098080635070801, 0.052958011627197266, 0.050290584564208984, 0.04952597618103027, 0.054978370666503906]","[0.04537819478368, 0.045381483008, 0.04538477150048, 0.04538806026112, 0.04539134928992, 0.04539463858688, 0.045397928152, 0.045401217985280004, 0.04540450808672, 0.04540779845632, 0.045411089094079995]",12,[]
request_80,182.83185696601868,0,292.339848279953,[],108.14171361923218,0.20445239084032002,0,0,27,109.50799131393433,1.3662776947021484,0.054086923599243164,length,"[0.039180430001579225, 0, 0, 0, 0, 0, 0, 0, 0, 0, 0, 0, 0, 0, 0, 0, 0, 0, 0, 0, 0, 0, 0, 0, 0, 0, 0]","[0.14461828687431766, 100, 100, 100, 100, 100, 100, 100, 100, 100, 100, 100, 100, 100, 100, 100, 100, 100, 100, 100, 100, 100, 100, 100, 100, 100, 100]","[0.10121774673461914, 0.049712181091308594, 0.052141666412353516, 0.04932355880737305, 0.05059552192687988, 0.0672299861907959, 0.05010724067687988, 0.049802541732788086, 0.0495150089263916, 0.05002903938293457, 0.050875186920166016, 0.04956936836242676, 0.049883127212524414, 0.05161023139953613, 0.05090689659118652, 0.05089735984802246, 0.05116558074951172, 0.05010867118835449, 0.050833940505981445, 0.051596879959106445, 0.05059409141540527, 0.050798654556274414, 0.052500009536743164, 0.0507504940032959, 0.05362391471862793, 0.05067253112792969, 0.07428550720214844]","[0.04812250770272, 0.04812601260032, 0.04812951776608, 0.0481330232, 0.04813652890208, 0.04814003487232, 0.04814354111072, 0.04814704761728, 0.048150554392, 0.048154061434880005, 0.04815756874592, 0.048161076325120004, 0.04816458417248, 0.048168092288, 0.04817160067168, 0.04817510932352, 0.04817861824352, 0.04818212743168, 0.048185636888000004, 0.04818914661248, 0.04819265660512, 0.04819616686592, 0.04819967739488, 0.048203188192, 0.04820669925728, 0.048210210590720004, 0.04821372219232]",28,[]
request_81,182.83216190338135,0,292.339848279953,[],108.1414086818695,0.20445239084032002,0,0,27,109.50768637657166,1.3662776947021484,0.054086923599243164,length,"[0.039180430001579225, 0, 0, 0, 0, 0, 0, 0, 0, 0, 0, 0, 0, 0, 0, 0, 0, 0, 0, 0, 0, 0, 0, 0, 0, 0, 0]","[0.14461828687431766, 100, 100, 100, 100, 100, 100, 100, 100, 100, 100, 100, 100, 100, 100, 100, 100, 100, 100, 100, 100, 100, 100, 100, 100, 100, 100]","[0.10121774673461914, 0.049712181091308594, 0.052141666412353516, 0.04932355880737305, 0.05059552192687988, 0.0672299861907959, 0.05010724067687988, 0.049802541732788086, 0.0495150089263916, 0.05002903938293457, 0.050875186920166016, 0.04956936836242676, 0.049883127212524414, 0.05161023139953613, 0.05090689659118652, 0.05089735984802246, 0.05116558074951172, 0.05010867118835449, 0.050833940505981445, 0.051596879959106445, 0.05059409141540527, 0.050798654556274414, 0.052500009536743164, 0.0507504940032959, 0.05362391471862793, 0.05067253112792969, 0.07428550720214844]","[0.04812250770272, 0.04812601260032, 0.04812951776608, 0.0481330232, 0.04813652890208, 0.04814003487232, 0.04814354111072, 0.04814704761728, 0.048150554392, 0.048154061434880005, 0.04815756874592, 0.048161076325120004, 0.04816458417248, 0.048168092288, 0.04817160067168, 0.04817510932352, 0.04817861824352, 0.04818212743168, 0.048185636888000004, 0.04818914661248, 0.04819265660512, 0.04819616686592, 0.04819967739488, 0.048203188192, 0.04820669925728, 0.048210210590720004, 0.04821372219232]",28,[]
request_82,182.8323414325714,0,292.339848279953,[],108.14122915267944,0.20445239084032002,0,0,27,109.50750684738159,1.3662776947021484,0.054086923599243164,length,"[0.039180430001579225, 0, 0, 0, 0, 0, 0, 0, 0, 0, 0, 0, 0, 0, 0, 0, 0, 0, 0, 0, 0, 0, 0, 0, 0, 0, 0]","[0.14461828687431766, 100, 100, 100, 100, 100, 100, 100, 100, 100, 100, 100, 100, 100, 100, 100, 100, 100, 100, 100, 100, 100, 100, 100, 100, 100, 100]","[0.10121774673461914, 0.049712181091308594, 0.052141666412353516, 0.04932355880737305, 0.05059552192687988, 0.0672299861907959, 0.05010724067687988, 0.049802541732788086, 0.0495150089263916, 0.05002903938293457, 0.050875186920166016, 0.04956936836242676, 0.049883127212524414, 0.05161023139953613, 0.05090689659118652, 0.05089735984802246, 0.05116558074951172, 0.05010867118835449, 0.050833940505981445, 0.051596879959106445, 0.05059409141540527, 0.050798654556274414, 0.052500009536743164, 0.0507504940032959, 0.05362391471862793, 0.05067253112792969, 0.07428550720214844]","[0.04812250770272, 0.04812601260032, 0.04812951776608, 0.0481330232, 0.04813652890208, 0.04814003487232, 0.04814354111072, 0.04814704761728, 0.048150554392, 0.048154061434880005, 0.04815756874592, 0.048161076325120004, 0.04816458417248, 0.048168092288, 0.04817160067168, 0.04817510932352, 0.04817861824352, 0.04818212743168, 0.048185636888000004, 0.04818914661248, 0.04819265660512, 0.04819616686592, 0.04819967739488, 0.048203188192, 0.04820669925728, 0.048210210590720004, 0.04821372219232]",28,[]
request_83,182.8324978351593,0,292.339848279953,[],108.14107275009155,0.20445239084032002,0,0,27,109.5073504447937,1.3662776947021484,0.054086923599243164,length,"[0.039180430001579225, 0, 0, 0, 0, 0, 0, 0, 0, 0, 0, 0, 0, 0, 0, 0, 0, 0, 0, 0, 0, 0, 0, 0, 0, 0, 0]","[0.14461828687431766, 100, 100, 100, 100, 100, 100, 100, 100, 100, 100, 100, 100, 100, 100, 100, 100, 100, 100, 100, 100, 100, 100, 100, 100, 100, 100]","[0.10121774673461914, 0.049712181091308594, 0.052141666412353516, 0.04932355880737305, 0.05059552192687988, 0.0672299861907959, 0.05010724067687988, 0.049802541732788086, 0.0495150089263916, 0.05002903938293457, 0.050875186920166016, 0.04956936836242676, 0.049883127212524414, 0.05161023139953613, 0.05090689659118652, 0.05089735984802246, 0.05116558074951172, 0.05010867118835449, 0.050833940505981445, 0.051596879959106445, 0.05059409141540527, 0.050798654556274414, 0.052500009536743164, 0.0507504940032959, 0.05362391471862793, 0.05067253112792969, 0.07428550720214844]","[0.04812250770272, 0.04812601260032, 0.04812951776608, 0.0481330232, 0.04813652890208, 0.04814003487232, 0.04814354111072, 0.04814704761728, 0.048150554392, 0.048154061434880005, 0.04815756874592, 0.048161076325120004, 0.04816458417248, 0.048168092288, 0.04817160067168, 0.04817510932352, 0.04817861824352, 0.04818212743168, 0.048185636888000004, 0.04818914661248, 0.04819265660512, 0.04819616686592, 0.04819967739488, 0.048203188192, 0.04820669925728, 0.048210210590720004, 0.04821372219232]",28,[]
request_84,182.99888586997986,0,299.0315282344818,[],115.6624026298523,0.20445239084032002,0,0,8,116.03264236450195,0.3702397346496582,0.057538002729415894,length,"[0.03565130801871419, 0, 0, 0, 0, 0, 0, 0]","[0.13097941690003273, 100, 100, 100, 100, 100, 100, 100]","[0.09177303314208984, 0.049527883529663086, 0.051280975341796875, 0.04880356788635254, 0.04969596862792969, 0.04897427558898926, 0.04880046844482422, 0.07144784927368164]","[0.04786388942432, 0.04786737447808, 0.0478708598, 0.04787434539008, 0.04787783124832, 0.04788131737472, 0.047884803769280004, 0.047888290432]",9,[]
request_85,182.99917340278625,0,299.0315282344818,[],115.6621150970459,0.20445239084032002,0,0,8,116.03235483169556,0.3702397346496582,0.057538002729415894,length,"[0.03565130801871419, 0, 0, 0, 0, 0, 0, 0]","[0.13097941690003273, 100, 100, 100, 100, 100, 100, 100]","[0.09177303314208984, 0.049527883529663086, 0.051280975341796875, 0.04880356788635254, 0.04969596862792969, 0.04897427558898926, 0.04880046844482422, 0.07144784927368164]","[0.04786388942432, 0.04786737447808, 0.0478708598, 0.04787434539008, 0.04787783124832, 0.04788131737472, 0.047884803769280004, 0.047888290432]",9,[]
request_86,182.99934816360474,0,299.0315282344818,[],115.66194033622742,0.20445239084032002,0,0,8,116.03218007087708,0.3702397346496582,0.057538002729415894,length,"[0.03565130801871419, 0, 0, 0, 0, 0, 0, 0]","[0.13097941690003273, 100, 100, 100, 100, 100, 100, 100]","[0.09177303314208984, 0.049527883529663086, 0.051280975341796875, 0.04880356788635254, 0.04969596862792969, 0.04897427558898926, 0.04880046844482422, 0.07144784927368164]","[0.04786388942432, 0.04786737447808, 0.0478708598, 0.04787434539008, 0.04787783124832, 0.04788131737472, 0.047884803769280004, 0.047888290432]",9,[]
request_87,182.99950122833252,0,299.0315282344818,[],115.66178727149963,0.20445239084032002,0,0,8,116.03202700614929,0.3702397346496582,0.057538002729415894,length,"[0.03565130801871419, 0, 0, 0, 0, 0, 0, 0]","[0.13097941690003273, 100, 100, 100, 100, 100, 100, 100]","[0.09177303314208984, 0.049527883529663086, 0.051280975341796875, 0.04880356788635254, 0.04969596862792969, 0.04897427558898926, 0.04880046844482422, 0.07144784927368164]","[0.04786388942432, 0.04786737447808, 0.0478708598, 0.04787434539008, 0.04787783124832, 0.04788131737472, 0.047884803769280004, 0.047888290432]",9,[]
request_88,184.8068404197693,0,325.21541237831116,[],138.7813265323639,0.20445239084032002,1,0,24,140.40857195854187,1.6272454261779785,0.09777901570002238,length,"[0.04028030199697241, 0, 0, 0, 0, 0, 0, 0, 0, 0, 0, 0, 0, 0, 0, 0, 0, 0, 0, 0, 0, 0, 0, 0]","[100, 100, 100, 100, 100, 100, 100, 100, 100, 100, 100, 100, 100, 100, 100, 100, 100, 100, 100, 100, 100, 100, 100, 100]","[0.7262675762176514, 0.06101036071777344, 0.09098672866821289, 0.05816149711608887, 0.05764198303222656, 0.06045222282409668, 0.05819988250732422, 0.05748343467712402, 0.05814838409423828, 0.057340145111083984, 0.05784416198730469, 0.05724668502807617, 0.05849123001098633, 0.05763816833496094, 0.05806899070739746, 0.07833671569824219, 0.07511568069458008, 0.07447552680969238, 0.07658576965332031, 0.07622814178466797, 0.07631635665893555, 0.07659435272216797, 0.09699273109436035, 0.14106965065002441]","[0.05869403391872, 0.05869827116128, 0.058702508672, 0.058706746450880004, 0.05871098449792, 0.05871522281312, 0.058719461396479995, 0.058723700248, 0.058727939367680004, 0.05873217875552, 0.058736418411520004, 0.05874065833568, 0.058744898528, 0.05874913898848, 0.058753379717120004, 0.05875762071392, 0.05876186197888, 0.058766103512000005, 0.05877034531328, 0.058774587382720005, 0.058778829720319996, 0.05878307232608, 0.0587873152, 0.05879155834208]",25,[]
request_89,184.8073263168335,0,325.21541237831116,[],138.78084063529968,0.20445239084032002,1,0,24,140.40808606147766,1.6272454261779785,0.09777901570002238,length,"[0.04028030199697241, 0, 0, 0, 0, 0, 0, 0, 0, 0, 0, 0, 0, 0, 0, 0, 0, 0, 0, 0, 0, 0, 0, 0]","[100, 100, 100, 100, 100, 100, 100, 100, 100, 100, 100, 100, 100, 100, 100, 100, 100, 100, 100, 100, 100, 100, 100, 100]","[0.7262675762176514, 0.06101036071777344, 0.09098672866821289, 0.05816149711608887, 0.05764198303222656, 0.06045222282409668, 0.05819988250732422, 0.05748343467712402, 0.05814838409423828, 0.057340145111083984, 0.05784416198730469, 0.05724668502807617, 0.05849123001098633, 0.05763816833496094, 0.05806899070739746, 0.07833671569824219, 0.07511568069458008, 0.07447552680969238, 0.07658576965332031, 0.07622814178466797, 0.07631635665893555, 0.07659435272216797, 0.09699273109436035, 0.14106965065002441]","[0.05869403391872, 0.05869827116128, 0.058702508672, 0.058706746450880004, 0.05871098449792, 0.05871522281312, 0.058719461396479995, 0.058723700248, 0.058727939367680004, 0.05873217875552, 0.058736418411520004, 0.05874065833568, 0.058744898528, 0.05874913898848, 0.058753379717120004, 0.05875762071392, 0.05876186197888, 0.058766103512000005, 0.05877034531328, 0.058774587382720005, 0.058778829720319996, 0.05878307232608, 0.0587873152, 0.05879155834208]",25,[]
request_90,184.807692527771,0,325.21541237831116,[],138.78047442436218,0.20445239084032002,1,0,24,140.40771985054016,1.6272454261779785,0.09777901570002238,length,"[0.04028030199697241, 0, 0, 0, 0, 0, 0, 0, 0, 0, 0, 0, 0, 0, 0, 0, 0, 0, 0, 0, 0, 0, 0, 0]","[100, 100, 100, 100, 100, 100, 100, 100, 100, 100, 100, 100, 100, 100, 100, 100, 100, 100, 100, 100, 100, 100, 100, 100]","[0.7262675762176514, 0.06101036071777344, 0.09098672866821289, 0.05816149711608887, 0.05764198303222656, 0.06045222282409668, 0.05819988250732422, 0.05748343467712402, 0.05814838409423828, 0.057340145111083984, 0.05784416198730469, 0.05724668502807617, 0.05849123001098633, 0.05763816833496094, 0.05806899070739746, 0.07833671569824219, 0.07511568069458008, 0.07447552680969238, 0.07658576965332031, 0.07622814178466797, 0.07631635665893555, 0.07659435272216797, 0.09699273109436035, 0.14106965065002441]","[0.05869403391872, 0.05869827116128, 0.058702508672, 0.058706746450880004, 0.05871098449792, 0.05871522281312, 0.058719461396479995, 0.058723700248, 0.058727939367680004, 0.05873217875552, 0.058736418411520004, 0.05874065833568, 0.058744898528, 0.05874913898848, 0.058753379717120004, 0.05875762071392, 0.05876186197888, 0.058766103512000005, 0.05877034531328, 0.058774587382720005, 0.058778829720319996, 0.05878307232608, 0.0587873152, 0.05879155834208]",25,[]
request_91,184.80804800987244,0,325.21541237831116,[],138.78011894226074,0.20445239084032002,1,0,24,140.40736436843872,1.6272454261779785,0.09777901570002238,length,"[0.04028030199697241, 0, 0, 0, 0, 0, 0, 0, 0, 0, 0, 0, 0, 0, 0, 0, 0, 0, 0, 0, 0, 0, 0, 0]","[100, 100, 100, 100, 100, 100, 100, 100, 100, 100, 100, 100, 100, 100, 100, 100, 100, 100, 100, 100, 100, 100, 100, 100]","[0.7262675762176514, 0.06101036071777344, 0.09098672866821289, 0.05816149711608887, 0.05764198303222656, 0.06045222282409668, 0.05819988250732422, 0.05748343467712402, 0.05814838409423828, 0.057340145111083984, 0.05784416198730469, 0.05724668502807617, 0.05849123001098633, 0.05763816833496094, 0.05806899070739746, 0.07833671569824219, 0.07511568069458008, 0.07447552680969238, 0.07658576965332031, 0.07622814178466797, 0.07631635665893555, 0.07659435272216797, 0.09699273109436035, 0.14106965065002441]","[0.05869403391872, 0.05869827116128, 0.058702508672, 0.058706746450880004, 0.05871098449792, 0.05871522281312, 0.058719461396479995, 0.058723700248, 0.058727939367680004, 0.05873217875552, 0.058736418411520004, 0.05874065833568, 0.058744898528, 0.05874913898848, 0.058753379717120004, 0.05875762071392, 0.05876186197888, 0.058766103512000005, 0.05877034531328, 0.058774587382720005, 0.058778829720319996, 0.05878307232608, 0.0587873152, 0.05879155834208]",25,[]
request_92,186.7820909023285,0,354.5481216907501,[],166.76083254814148,0.20445239084032002,1,0,13,167.76603078842163,1.0051982402801514,0.1315625814291147,length,"[0.09549466799944639, 0, 0, 0, 0, 0, 0, 0, 0, 0, 0, 0, 0]","[100, 100, 100, 100, 100, 100, 100, 100, 100, 100, 100, 100, 100]","[0.7082309722900391, 0.07940340042114258, 0.08223080635070801, 0.07810235023498535, 0.08190107345581055, 0.07922196388244629, 0.07742619514465332, 0.07719683647155762, 0.07730436325073242, 0.07650876045227051, 0.07652425765991211, 0.0763859748840332, 0.1398766040802002]","[0.06082425556832, 0.06082862555008, 0.0608329958, 0.060837366318080004, 0.06084173710432, 0.060846108158720005, 0.06085047948128, 0.060854851072000005, 0.060859222930879996, 0.06086359505792, 0.06086796745312, 0.060872340116479996, 0.060876713048000006]",14,[]
request_93,186.78281259536743,0,354.5481216907501,[],166.76011085510254,0.20445239084032002,1,0,13,167.7653090953827,1.0051982402801514,0.1315625814291147,length,"[0.09549466799944639, 0, 0, 0, 0, 0, 0, 0, 0, 0, 0, 0, 0]","[100, 100, 100, 100, 100, 100, 100, 100, 100, 100, 100, 100, 100]","[0.7082309722900391, 0.07940340042114258, 0.08223080635070801, 0.07810235023498535, 0.08190107345581055, 0.07922196388244629, 0.07742619514465332, 0.07719683647155762, 0.07730436325073242, 0.07650876045227051, 0.07652425765991211, 0.0763859748840332, 0.1398766040802002]","[0.06082425556832, 0.06082862555008, 0.0608329958, 0.060837366318080004, 0.06084173710432, 0.060846108158720005, 0.06085047948128, 0.060854851072000005, 0.060859222930879996, 0.06086359505792, 0.06086796745312, 0.060872340116479996, 0.060876713048000006]",14,[]
request_94,186.78319764137268,0,354.5481216907501,[],166.7597258090973,0.20445239084032002,1,0,13,167.76492404937744,1.0051982402801514,0.1315625814291147,length,"[0.09549466799944639, 0, 0, 0, 0, 0, 0, 0, 0, 0, 0, 0, 0]","[100, 100, 100, 100, 100, 100, 100, 100, 100, 100, 100, 100, 100]","[0.7082309722900391, 0.07940340042114258, 0.08223080635070801, 0.07810235023498535, 0.08190107345581055, 0.07922196388244629, 0.07742619514465332, 0.07719683647155762, 0.07730436325073242, 0.07650876045227051, 0.07652425765991211, 0.0763859748840332, 0.1398766040802002]","[0.06082425556832, 0.06082862555008, 0.0608329958, 0.060837366318080004, 0.06084173710432, 0.060846108158720005, 0.06085047948128, 0.060854851072000005, 0.060859222930879996, 0.06086359505792, 0.06086796745312, 0.060872340116479996, 0.060876713048000006]",14,[]
request_95,186.7835602760315,0,354.5481216907501,[],166.75936317443848,0.20445239084032002,1,0,13,167.76456141471863,1.0051982402801514,0.1315625814291147,length,"[0.09549466799944639, 0, 0, 0, 0, 0, 0, 0, 0, 0, 0, 0, 0]","[100, 100, 100, 100, 100, 100, 100, 100, 100, 100, 100, 100, 100]","[0.7082309722900391, 0.07940340042114258, 0.08223080635070801, 0.07810235023498535, 0.08190107345581055, 0.07922196388244629, 0.07742619514465332, 0.07719683647155762, 0.07730436325073242, 0.07650876045227051, 0.07652425765991211, 0.0763859748840332, 0.1398766040802002]","[0.06082425556832, 0.06082862555008, 0.0608329958, 0.060837366318080004, 0.06084173710432, 0.060846108158720005, 0.06085047948128, 0.060854851072000005, 0.060859222930879996, 0.06086359505792, 0.06086796745312, 0.060872340116479996, 0.060876713048000006]",14,[]
request_96,216.00825119018555,0,381.1351959705353,[],163.5137767791748,0.20445239084032002,1,0,21,165.12694478034973,1.6131680011749268,0.11119694936843146,length,"[0.045879336015786976, 0, 0, 0, 0, 0, 0, 0, 0, 0, 0, 0, 0, 0, 0, 0, 0, 0, 0, 0, 0]","[100, 100, 100, 100, 100, 100, 100, 100, 100, 100, 100, 100, 100, 100, 100, 100, 100, 100, 100, 100, 100]","[0.7270529270172119, 0.0759279727935791, 0.1332552433013916, 0.0763254165649414, 0.07429075241088867, 0.07382750511169434, 0.07422542572021484, 0.0737760066986084, 0.07609343528747559, 0.0741117000579834, 0.07479047775268555, 0.07373666763305664, 0.0741720199584961, 0.07381439208984375, 0.07366752624511719, 0.07374167442321777, 0.07388830184936523, 0.07339811325073242, 0.07420039176940918, 0.073944091796875, 0.13689589500427246]","[0.058850990488, 0.05885523765248, 0.05885948508512, 0.058863732785920005, 0.05886798075488, 0.058872228992, 0.05887647749728, 0.05888072627072, 0.058884975312319995, 0.05888922462208, 0.058893474200000004, 0.05889772404608, 0.058901974160319996, 0.05890622454272, 0.05891047519328, 0.058914726112, 0.05891897729888, 0.05892322875392, 0.05892748047712, 0.05893173246848, 0.058935984728]",22,[]
request_97,216.00907564163208,0,381.1351959705353,[],163.51295232772827,0.20445239084032002,1,0,21,165.1261203289032,1.6131680011749268,0.11119694936843146,length,"[0.045879336015786976, 0, 0, 0, 0, 0, 0, 0, 0, 0, 0, 0, 0, 0, 0, 0, 0, 0, 0, 0, 0]","[100, 100, 100, 100, 100, 100, 100, 100, 100, 100, 100, 100, 100, 100, 100, 100, 100, 100, 100, 100, 100]","[0.7270529270172119, 0.0759279727935791, 0.1332552433013916, 0.0763254165649414, 0.07429075241088867, 0.07382750511169434, 0.07422542572021484, 0.0737760066986084, 0.07609343528747559, 0.0741117000579834, 0.07479047775268555, 0.07373666763305664, 0.0741720199584961, 0.07381439208984375, 0.07366752624511719, 0.07374167442321777, 0.07388830184936523, 0.07339811325073242, 0.07420039176940918, 0.073944091796875, 0.13689589500427246]","[0.058850990488, 0.05885523765248, 0.05885948508512, 0.058863732785920005, 0.05886798075488, 0.058872228992, 0.05887647749728, 0.05888072627072, 0.058884975312319995, 0.05888922462208, 0.058893474200000004, 0.05889772404608, 0.058901974160319996, 0.05890622454272, 0.05891047519328, 0.058914726112, 0.05891897729888, 0.05892322875392, 0.05892748047712, 0.05893173246848, 0.058935984728]",22,[]
request_98,216.00954842567444,0,381.1351959705353,[],163.5124795436859,0.20445239084032002,1,0,21,165.12564754486084,1.6131680011749268,0.11119694936843146,length,"[0.045879336015786976, 0, 0, 0, 0, 0, 0, 0, 0, 0, 0, 0, 0, 0, 0, 0, 0, 0, 0, 0, 0]","[100, 100, 100, 100, 100, 100, 100, 100, 100, 100, 100, 100, 100, 100, 100, 100, 100, 100, 100, 100, 100]","[0.7270529270172119, 0.0759279727935791, 0.1332552433013916, 0.0763254165649414, 0.07429075241088867, 0.07382750511169434, 0.07422542572021484, 0.0737760066986084, 0.07609343528747559, 0.0741117000579834, 0.07479047775268555, 0.07373666763305664, 0.0741720199584961, 0.07381439208984375, 0.07366752624511719, 0.07374167442321777, 0.07388830184936523, 0.07339811325073242, 0.07420039176940918, 0.073944091796875, 0.13689589500427246]","[0.058850990488, 0.05885523765248, 0.05885948508512, 0.058863732785920005, 0.05886798075488, 0.058872228992, 0.05887647749728, 0.05888072627072, 0.058884975312319995, 0.05888922462208, 0.058893474200000004, 0.05889772404608, 0.058901974160319996, 0.05890622454272, 0.05891047519328, 0.058914726112, 0.05891897729888, 0.05892322875392, 0.05892748047712, 0.05893173246848, 0.058935984728]",22,[]
request_99,216.00993704795837,0,381.1351959705353,[],163.51209092140198,0.20445239084032002,1,0,21,165.1252589225769,1.6131680011749268,0.11119694936843146,length,"[0.045879336015786976, 0, 0, 0, 0, 0, 0, 0, 0, 0, 0, 0, 0, 0, 0, 0, 0, 0, 0, 0, 0]","[100, 100, 100, 100, 100, 100, 100, 100, 100, 100, 100, 100, 100, 100, 100, 100, 100, 100, 100, 100, 100]","[0.7270529270172119, 0.0759279727935791, 0.1332552433013916, 0.0763254165649414, 0.07429075241088867, 0.07382750511169434, 0.07422542572021484, 0.0737760066986084, 0.07609343528747559, 0.0741117000579834, 0.07479047775268555, 0.07373666763305664, 0.0741720199584961, 0.07381439208984375, 0.07366752624511719, 0.07374167442321777, 0.07388830184936523, 0.07339811325073242, 0.07420039176940918, 0.073944091796875, 0.13689589500427246]","[0.058850990488, 0.05885523765248, 0.05885948508512, 0.058863732785920005, 0.05886798075488, 0.058872228992, 0.05887647749728, 0.05888072627072, 0.058884975312319995, 0.05888922462208, 0.058893474200000004, 0.05889772404608, 0.058901974160319996, 0.05890622454272, 0.05891047519328, 0.058914726112, 0.05891897729888, 0.05892322875392, 0.05892748047712, 0.05893173246848, 0.058935984728]",22,[]
